,symbiont,lib,abundance,type,trip,id,location,antibiotics,proj,projlib,readlength,country,site,environment,latitude,longitude,T1,T2,T3,T4,T5,T6
1,cluster0,H2_AT20_HDM-clA3_STXAQX_ABN_4745_K,1,H2,AT20,HDM-clA3,STXAQX,ABN,4745,K,150,Austria,Vienna,aquarium,48.19766,16.35292,Bacteria,Proteobacteria,Alphaproteobacteria,Rickettsiales,Fokiniaceae,RETA1-2
2,cluster0,H2_MPIMM19_B7_MPIAQ_ABN_3917_E,0.202103797896202,H2,MPIMM19,B7,MarineAquariumlivingstones,ABN,3917,E,150,Germany,Bremen,aquarium,53.10965,8.84755,Bacteria,Proteobacteria,Alphaproteobacteria,Rickettsiales,Fokiniaceae,RETA1-2
3,cluster0,H4_HW15MH_004_KWWS_ABN_1272_A,0.0719892281493802,H4,HW15MH,4,Kewalowatersystem,ABN,1272,A,100,USA,Hawaii,aquarium,21.19133,-157.86106,Bacteria,Proteobacteria,Alphaproteobacteria,Rickettsiales,Fokiniaceae,RETA1-2
4,cluster0,H2_AT20_HDM-B3_STXAQX_ABN_4745_F,0.535553403604595,H2,AT20,HDM-B3,STXAQX,ABN,4745,F,150,Austria,Vienna,aquarium,48.19766,16.35292,Bacteria,Proteobacteria,Alphaproteobacteria,Rickettsiales,Fokiniaceae,RETA1-2
5,cluster0,H4_HW15MH_014_KWWS_ABN_1272_D,0.0305010937766611,H4,HW15MH,14,Kewalowatersystem,ABN,1272,D,100,USA,Hawaii,aquarium,21.19133,-157.86106,Bacteria,Proteobacteria,Alphaproteobacteria,Rickettsiales,Fokiniaceae,RETA1-2
6,cluster0,H4_BZ15_009_TCMC-B14_ABN_1717_B,1,H4,BZ15,9,TwinCaysMainChannel-B14,ABN,1717,B,150,Belize,TwinCays,free-living,16.81796,-88.10004,Bacteria,Proteobacteria,Alphaproteobacteria,Rickettsiales,Fokiniaceae,RETA1-2
7,cluster0,H4_HW15MH_A01_KWWS_ABY_1272_G,0.2995217004783,H4,HW15MH,A01,Kewalowatersystem,ABY,1272,G,100,USA,Hawaii,aquarium,21.19133,-157.86106,Bacteria,Proteobacteria,Alphaproteobacteria,Rickettsiales,Fokiniaceae,RETA1-2
8,cluster0,H2_MPIMM19_C1_MPIAQ_ABN_4745_G,1,H2,MPIMM19,C1,MarineAquariumlivingstones,ABN,4745,G,150,Germany,Bremen,aquarium,53.10965,8.84755,Bacteria,Proteobacteria,Alphaproteobacteria,Rickettsiales,Fokiniaceae,RETA1-2
9,cluster0,H2_AT20_HDM-B4_STXAQX_ABN_4745_G,0.515687454602055,H2,AT20,HDM-B4,STXAQX,ABN,4745,G,150,Austria,Vienna,aquarium,48.19766,16.35292,Bacteria,Proteobacteria,Alphaproteobacteria,Rickettsiales,Fokiniaceae,RETA1-2
10,cluster0,H2_MPIMM19_G2_MPIAQ_ABN_3917_V,1,H2,MPIMM19,G2,MarineAquariumlivingstones,ABN,3917,V,150,Germany,Bremen,aquarium,53.10965,8.84755,Bacteria,Proteobacteria,Alphaproteobacteria,Rickettsiales,Fokiniaceae,RETA1-2
11,cluster0,H2_AT20_HDM-B2_STXAQX_ABN_4745_E,1,H2,AT20,HDM-B2,STXAQX,ABN,4745,E,150,Austria,Vienna,aquarium,48.19766,16.35292,Bacteria,Proteobacteria,Alphaproteobacteria,Rickettsiales,Fokiniaceae,RETA1-2
12,cluster0,H2_AT20_HDM-F1_STXAQX_ABN_4745_N,1,H2,AT20,HDM-F1,STXAQX,ABN,4745,N,150,Austria,Vienna,aquarium,48.19766,16.35292,Bacteria,Proteobacteria,Alphaproteobacteria,Rickettsiales,Fokiniaceae,RETA1-2
13,cluster0,H2_AT20_HDM-clA2_STXAQX_ABN_4745_J,1,H2,AT20,HDM-clA2,STXAQX,ABN,4745,J,150,Austria,Vienna,aquarium,48.19766,16.35292,Bacteria,Proteobacteria,Alphaproteobacteria,Rickettsiales,Fokiniaceae,RETA1-2
14,cluster0,4465_F,0.608253,H4,,,,,4465,F,NA,Panama,BocasdelToro,free-living,9.35001,-82.2617,Bacteria,Proteobacteria,Alphaproteobacteria,Rickettsiales,Fokiniaceae,RETA1-2
15,cluster0,SRR5311040,1,H15,,,,,SRA,SRR5311040,NA,China,HongKong,free-living,22.35273,114.2517,Bacteria,Proteobacteria,Alphaproteobacteria,Rickettsiales,Fokiniaceae,RETA1-2
16,cluster0,H4_BZ15_055_TCFI-B087_ABN_1717_E,0.598083,H4,BZ15,55,TwinCaysFisheriesBay-B087,ABN,1717,E,150,Belize,TwinCays,free-living,16.81796,-88.08192,Bacteria,Proteobacteria,Alphaproteobacteria,Rickettsiales,Fokiniaceae,RETA1-2
17,cluster0,H2_HW15_E5_KWCT-clE_ABN_3917_AE,0.130625,H2,HW15,E5,Kewalocoraltank-clE,ABN,3917,AE,150,USA,Hawaii,aquarium,21.19133,-157.86106,Bacteria,Proteobacteria,Alphaproteobacteria,Rickettsiales,Fokiniaceae,RETA1-2
18,cluster0,H2_MA16_073_PAPO_ABN_2181_A,0.535440826744015,H2,MA16,73,LasPalmasAquariumPosidoniatank,ABN,2181,A,250,Spain,Mallorca,aquarium,39.53151,2.72949,Bacteria,Proteobacteria,Alphaproteobacteria,Rickettsiales,Fokiniaceae,RETA1-2
19,cluster0,H2_MPIMM19_A2_MPIAQ_ABN_4745_B,1,H2,MPIMM19,A2,MarineAquariumlivingstones,ABN,4745,B,150,Germany,Bremen,aquarium,53.10965,8.84755,Bacteria,Proteobacteria,Alphaproteobacteria,Rickettsiales,Fokiniaceae,RETA1-2
20,cluster0,H4_BZ17NL_351_TCFI-83_ABN_4127_I,0.736737,H4,BZ17NL,351,TwinCaysFisheriesBay-83,ABN,4127,I,150,Belize,TwinCays,free-living,16.81796,-88.08192,Bacteria,Proteobacteria,Alphaproteobacteria,Rickettsiales,Fokiniaceae,RETA1-2
21,cluster0,H2_HW15_002_KWCT-cl6_ABN_1992_B,0.27785,H2,HW15,2,Kewalocoraltank-cl6,ABN,1992,B,100,USA,Hawaii,aquarium,21.19133,-157.86106,Bacteria,Proteobacteria,Alphaproteobacteria,Rickettsiales,Fokiniaceae,RETA1-2
22,cluster0,H2_MPIMM19_C1_MPIAQ_ABN_3917_F,0.332807,H2,MPIMM19,C1,MarineAquariumlivingstones,ABN,3917,F,150,Germany,Bremen,aquarium,53.10965,8.84755,Bacteria,Proteobacteria,Alphaproteobacteria,Rickettsiales,Fokiniaceae,RETA1-2
23,cluster0,H2_MPIMM19_C7_MPIAQ_ABN_3917_J,1,H2,MPIMM19,C7,MarineAquariumlivingstones,ABN,3917,J,150,Germany,Bremen,aquarium,53.10965,8.84755,Bacteria,Proteobacteria,Alphaproteobacteria,Rickettsiales,Fokiniaceae,RETA1-2
24,cluster0,H2_MA16_074_PAPO_ABN_2181_B,0.811557,H2,MA16,74,LasPalmasAquariumPosidoniatank,ABN,2181,B,250,Spain,Mallorca,aquarium,39.53151,2.72949,Bacteria,Proteobacteria,Alphaproteobacteria,Rickettsiales,Fokiniaceae,RETA1-2
25,cluster0,H2_MPIMM19_K2_MPIAQ_ABN_4745_T,1,H2,MPIMM19,K2,MarineAquariumlivingstones,ABN,4745,T,150,Germany,Bremen,aquarium,53.10965,8.84755,Bacteria,Proteobacteria,Alphaproteobacteria,Rickettsiales,Fokiniaceae,RETA1-2
26,cluster0,H2_AT20_HDM-clA1_STXAQX_ABN_4745_I,1,H2,AT20,HDM-clA1,STXAQX,ABN,4745,I,150,Austria,Vienna,aquarium,48.19766,16.35292,Bacteria,Proteobacteria,Alphaproteobacteria,Rickettsiales,Fokiniaceae,RETA1-2
27,cluster0,H2_MA16_075_PAPO_ABN_2181_C,0.314376957563103,H2,MA16,75,LasPalmasAquariumPosidoniatank,ABN,2181,C,250,Spain,Mallorca,aquarium,39.53151,2.72949,Bacteria,Proteobacteria,Alphaproteobacteria,Rickettsiales,Fokiniaceae,RETA1-2
28,cluster0,H2_MPIMM19_A1_MPIAQ_ABN_4745_A,1,H2,MPIMM19,A1,MarineAquariumlivingstones,ABN,4745,A,150,Germany,Bremen,aquarium,53.10965,8.84755,Bacteria,Proteobacteria,Alphaproteobacteria,Rickettsiales,Fokiniaceae,RETA1-2
29,cluster0,H3_HW15MH_A26_KWWS_ABY_1717_A,0.0148719301291382,H3,HW15MH,A26,Kewalowatersystem,ABY,1717,A,150,USA,Hawaii,aquarium,21.19133,-157.86106,Bacteria,Proteobacteria,Alphaproteobacteria,Rickettsiales,Fokiniaceae,RETA1-2
30,cluster0,H4_HW15MH_015_KWWS_ABN_1272_C,0.0544678855024068,H4,HW15MH,15,Kewalowatersystem,ABN,1272,C,100,USA,Hawaii,aquarium,21.19133,-157.86106,Bacteria,Proteobacteria,Alphaproteobacteria,Rickettsiales,Fokiniaceae,RETA1-2
31,cluster0,H4_BZ15_106_TCFI-B010_ABN_1717_G,0.402554905558007,H4,BZ15,106,TwinCaysFisheriesBay-B010,ABN,1717,G,150,Belize,TwinCays,free-living,16.81796,-88.08192,Bacteria,Proteobacteria,Alphaproteobacteria,Rickettsiales,Fokiniaceae,RETA1-2
32,cluster0,H2_AT20_HDM-B1_STXAQX_ABN_4745_D,1,H2,AT20,HDM-B1,STXAQX,ABN,4745,D,150,Austria,Vienna,aquarium,48.19766,16.35292,Bacteria,Proteobacteria,Alphaproteobacteria,Rickettsiales,Fokiniaceae,RETA1-2
33,cluster0,H2_AT20_HDM-F3_STXAQX_ABN_4745_P,1,H2,AT20,HDM-F3,STXAQX,ABN,4745,P,150,Austria,Vienna,aquarium,48.19766,16.35292,Bacteria,Proteobacteria,Alphaproteobacteria,Rickettsiales,Fokiniaceae,RETA1-2
34,cluster0,H2_HW15_00B_KWCT-cl6_ABN_1966_B,0.0233301007657362,H2,HW15,00B,Kewalocoraltank-cl6,ABN,1966,B,100,USA,Hawaii,aquarium,21.19133,-157.86106,Bacteria,Proteobacteria,Alphaproteobacteria,Rickettsiales,Fokiniaceae,RETA1-2
35,cluster0,SRR5934125,1,H2,,,,,SRA,SRR5934125,NA,Panama,BocasdelToro,free-living,9.35001,-82.2617,Bacteria,Proteobacteria,Alphaproteobacteria,Rickettsiales,Fokiniaceae,RETA1-2
36,cluster0,H4_BZ15_015_TCMC-B04_ABN_1717_C,0.122589,H4,BZ15,15,TwinCaysMainChannel-B04,ABN,1717,C,150,Belize,TwinCays,free-living,16.81796,-88.08192,Bacteria,Proteobacteria,Alphaproteobacteria,Rickettsiales,Fokiniaceae,RETA1-2
37,cluster0,H2_HW15_00A_KWCT-cl6_ABN_1966_A,0.420478875541391,H2,HW15,00A,Kewalocoraltank-cl6,ABN,1966,A,100,USA,Hawaii,aquarium,21.19133,-157.86106,Bacteria,Proteobacteria,Alphaproteobacteria,Rickettsiales,Fokiniaceae,RETA1-2
38,cluster0,H4_HW15MH_A12_KWWS_ABY_1272_I,0.0639409360590639,H4,HW15MH,A12,Kewalowatersystem,ABY,1272,I,100,USA,Hawaii,aquarium,21.19133,-157.86106,Bacteria,Proteobacteria,Alphaproteobacteria,Rickettsiales,Fokiniaceae,RETA1-2
39,cluster0,H2_AT20_HDM-clB3_STXAQX_ABN_4745_AA,1,H2,AT20,HDM-clB3,STXAQX,ABN,4745,AA,150,Austria,Vienna,aquarium,48.19766,16.35292,Bacteria,Proteobacteria,Alphaproteobacteria,Rickettsiales,Fokiniaceae,RETA1-2
40,cluster0,H4_HW15MH_A16_KWWS_ABY_1272_J,0.249430181098807,H4,HW15MH,A16,Kewalowatersystem,ABY,1272,J,100,USA,Hawaii,aquarium,21.19133,-157.86106,Bacteria,Proteobacteria,Alphaproteobacteria,Rickettsiales,Fokiniaceae,RETA1-2
41,cluster0,SRR5934055,1,H2,,,,,SRA,SRR5934055,NA,Panama,BocasdelToro,free-living,9.35001,-82.2617,Bacteria,Proteobacteria,Alphaproteobacteria,Rickettsiales,Fokiniaceae,RETA1-2
42,cluster0,H4_BZ15_024_TCMC-B025_ABN_1717_D,0.233530039980284,H4,BZ15,24,TwinCaysMainChannel-B025,ABN,1717,D,150,Belize,TwinCays,free-living,16.81796,-88.08192,Bacteria,Proteobacteria,Alphaproteobacteria,Rickettsiales,Fokiniaceae,RETA1-2
43,cluster0,H4_HW15MH_A07_KWWS_ABY_1272_L,0.170224591594333,H4,HW15MH,A07,Kewalowatersystem,ABY,1272,L,100,USA,Hawaii,aquarium,21.19133,-157.86106,Bacteria,Proteobacteria,Alphaproteobacteria,Rickettsiales,Fokiniaceae,RETA1-2
44,cluster0,H2_AT20_HDM-B5_STXAQX_ABN_4745_H,1,H2,AT20,HDM-B5,STXAQX,ABN,4745,H,150,Austria,Vienna,aquarium,48.19766,16.35292,Bacteria,Proteobacteria,Alphaproteobacteria,Rickettsiales,Fokiniaceae,RETA1-2
45,cluster0,H2_MPIMM19_A6_MPIAQ_ABN_4745_F,1,H2,MPIMM19,A6,MarineAquariumlivingstones,ABN,4745,F,150,Germany,Bremen,aquarium,53.10965,8.84755,Bacteria,Proteobacteria,Alphaproteobacteria,Rickettsiales,Fokiniaceae,RETA1-2
46,cluster0,H4_BZ15_102_TCFI-B028_ABN_1717_F,0.688706,H4,BZ15,102,TwinCaysFisheriesBay-B028,ABN,1717,F,150,Belize,TwinCays,free-living,16.81796,-88.08192,Bacteria,Proteobacteria,Alphaproteobacteria,Rickettsiales,Fokiniaceae,RETA1-2
47,cluster0,H2_HW15_003_KWCT-cl6_ABN_1992_C,0.134122750253243,H2,HW15,3,Kewalocoraltank-cl6,ABN,1992,C,100,USA,Hawaii,aquarium,21.19133,-157.86106,Bacteria,Proteobacteria,Alphaproteobacteria,Rickettsiales,Fokiniaceae,RETA1-2
48,cluster0,H2_AT20_HDM-clB2_STXAQX_ABN_4745_Z,1,H2,AT20,HDM-clB2,STXAQX,ABN,4745,Z,150,Austria,Vienna,aquarium,48.19766,16.35292,Bacteria,Proteobacteria,Alphaproteobacteria,Rickettsiales,Fokiniaceae,RETA1-2
49,cluster0,H2_MPIMM19_C3_MPIAQ_ABN_4745_I,1,H2,MPIMM19,C3,MarineAquariumlivingstones,ABN,4745,I,150,Germany,Bremen,aquarium,53.10965,8.84755,Bacteria,Proteobacteria,Alphaproteobacteria,Rickettsiales,Fokiniaceae,RETA1-2
50,cluster1,H11_MA16_078_PAAN_ABN_2181_F,0.260782705545574,H11,MA16,78,LasPalmasAquariumAnthiastank,ABN,2181,F,250,Spain,Mallorca,aquarium,39.53151,2.72949,Bacteria,Verrucomicrobiota,Chlamydiae,Chlamydiales,Simkaniaceae,Chlamydia1
51,cluster1,H11_MA16_077_PAAN_ABN_2181_E,0.626793046611946,H11,MA16,77,LasPalmasAquariumAnthiastank,ABN,2181,E,250,Spain,Mallorca,aquarium,39.53151,2.72949,Bacteria,Verrucomicrobiota,Chlamydiae,Chlamydiales,Simkaniaceae,Chlamydia1
52,cluster1,4465_H,0.0781579218420781,H6,,,,,4465,H,NA,Panama,BocasdelToro,free-living,9.35001,-82.2617,Bacteria,Verrucomicrobiota,Chlamydiae,Chlamydiales,Simkaniaceae,Chlamydia1
53,cluster1,4465_F,0.391747,H4,,,,,4465,F,NA,Panama,BocasdelToro,free-living,9.35001,-82.2617,Bacteria,Verrucomicrobiota,Chlamydiae,Chlamydiales,Simkaniaceae,Chlamydia1
54,cluster1,H7_BZ15_012_CBOH-B067_ABN_1717_N,0.217662633161816,H7,BZ15,12,CarrieBowOuthouse-B067,ABN,1717,N,150,Belize,CarrieBowCay,free-living,16.80262,-88.08192,Bacteria,Verrucomicrobiota,Chlamydiae,Chlamydiales,Simkaniaceae,Chlamydia1
55,cluster1,H11_MA16_076_PAAN_ABN_2181_D,0.804340492709069,H11,MA16,76,LasPalmasAquariumAnthiastank,ABN,2181,D,250,Spain,Mallorca,aquarium,39.53151,2.72949,Bacteria,Verrucomicrobiota,Chlamydiae,Chlamydiales,Simkaniaceae,Chlamydia1
56,cluster10,H4_BZ15_024_TCMC-B025_ABN_1717_D,0.0441193384084561,H4,BZ15,24,TwinCaysMainChannel-B025,ABN,1717,D,150,Belize,TwinCays,free-living,16.81796,-88.08192,Bacteria,Proteobacteria,Gammaproteobacteria,Burkholderiales,Comamonadaceae,Schlegelella1
57,cluster10,H8_BZ15_013_CBOH-B061_ABN_1717_H,0.0102155406629234,H8,BZ15,13,CarrieBowOuthouse-B061,ABN,1717,H,150,Belize,CarrieBowCay,free-living,16.80262,-88.08192,Bacteria,Proteobacteria,Gammaproteobacteria,Burkholderiales,Comamonadaceae,Schlegelella1
58,cluster10,H7_BZ15_020_TCMC-B096_ABN_1717_O,0.0156830156830157,H7,BZ15,20,TwinCaysMainChannel-B096,ABN,1717,O,150,Belize,TwinCays,free-living,16.81796,-88.08192,Bacteria,Proteobacteria,Gammaproteobacteria,Burkholderiales,Comamonadaceae,Schlegelella1
59,cluster10,H4_BZ15_015_TCMC-B04_ABN_1717_C,0.057244,H4,BZ15,15,TwinCaysMainChannel-B04,ABN,1717,C,150,Belize,TwinCays,free-living,16.81796,-88.08192,Bacteria,Proteobacteria,Gammaproteobacteria,Burkholderiales,Comamonadaceae,Schlegelella1
60,cluster10,H7_BZ15_012_CBOH-B067_ABN_1717_N,0.0591600354404895,H7,BZ15,12,CarrieBowOuthouse-B067,ABN,1717,N,150,Belize,CarrieBowCay,free-living,16.80262,-88.08192,Bacteria,Proteobacteria,Gammaproteobacteria,Burkholderiales,Comamonadaceae,Schlegelella1
61,cluster10,H7_BZ15_011_CBOH-B067_ABN_1717_M,0.0219945593638117,H7,BZ15,11,CarrieBowOuthouse-B067,ABN,1717,M,150,Belize,CarrieBowCay,free-living,16.80262,-88.08192,Bacteria,Proteobacteria,Gammaproteobacteria,Burkholderiales,Comamonadaceae,Schlegelella1
62,cluster10,H7_BZ15_040_TCMC-B096_ABC3_1717_Q,0.045914,H7,BZ15,40,TwinCaysMainChannel-B096,ABC3,1717,Q,150,Belize,TwinCays,free-living,16.81796,-88.08192,Bacteria,Proteobacteria,Gammaproteobacteria,Burkholderiales,Comamonadaceae,Schlegelella1
63,cluster10,H8_BZ15_103_TCFI-B028_ABN_1717_K,0.0176874496452426,H8,BZ15,103,TwinCaysFisheriesBay-B028,ABN,1717,K,150,Belize,TwinCays,free-living,16.81796,-88.08192,Bacteria,Proteobacteria,Gammaproteobacteria,Burkholderiales,Comamonadaceae,Schlegelella1
64,cluster13,H4_BZ15_055_TCFI-B087_ABN_1717_E,0.327334,H4,BZ15,55,TwinCaysFisheriesBay-B087,ABN,1717,E,150,Belize,TwinCays,free-living,16.81796,-88.08192,Bacteria,Proteobacteria,Gammaproteobacteria,Coxiellales,Coxiellaceae,Coxiella1
65,cluster13,H4_HW15MH_A16_KWWS_ABY_1272_J,0.20955267307772,H4,HW15MH,A16,Kewalowatersystem,ABY,1272,J,100,USA,Hawaii,aquarium,21.19133,-157.86106,Bacteria,Proteobacteria,Gammaproteobacteria,Coxiellales,Coxiellaceae,Coxiella1
66,cluster13,H4_HW15MH_A12_KWWS_ABY_1272_I,0.0603879396120604,H4,HW15MH,A12,Kewalowatersystem,ABY,1272,I,100,USA,Hawaii,aquarium,21.19133,-157.86106,Bacteria,Proteobacteria,Gammaproteobacteria,Coxiellales,Coxiellaceae,Coxiella1
67,cluster13,H4_HW15MH_A07_KWWS_ABY_1272_L,0.119917688416359,H4,HW15MH,A07,Kewalowatersystem,ABY,1272,L,100,USA,Hawaii,aquarium,21.19133,-157.86106,Bacteria,Proteobacteria,Gammaproteobacteria,Coxiellales,Coxiellaceae,Coxiella1
68,cluster13,H4_HW15MH_A01_KWWS_ABY_1272_G,0.135832864167136,H4,HW15MH,A01,Kewalowatersystem,ABY,1272,G,100,USA,Hawaii,aquarium,21.19133,-157.86106,Bacteria,Proteobacteria,Gammaproteobacteria,Coxiellales,Coxiellaceae,Coxiella1
69,cluster13,H8_BZ15_101_TCFI-B028_ABN_1717_J,0.139173982417039,H8,BZ15,101,TwinCaysFisheriesBay-B028,ABN,1717,J,150,Belize,TwinCays,free-living,16.81796,-88.08192,Bacteria,Proteobacteria,Gammaproteobacteria,Coxiellales,Coxiellaceae,Coxiella1
70,cluster13,H4_BZ15_106_TCFI-B010_ABN_1717_G,0.597445094441993,H4,BZ15,106,TwinCaysFisheriesBay-B010,ABN,1717,G,150,Belize,TwinCays,free-living,16.81796,-88.08192,Bacteria,Proteobacteria,Gammaproteobacteria,Coxiellales,Coxiellaceae,Coxiella1
71,cluster13,H6_HW15MH_007_KWWS_ABN_1272_B,0.00303223938961982,H6,HW15MH,7,Kewalowatersystem,ABN,1272,B,100,USA,Hawaii,aquarium,21.19133,-157.86106,Bacteria,Proteobacteria,Gammaproteobacteria,Coxiellales,Coxiellaceae,Coxiella1
72,cluster13,H8_BZ15_014_CBOH-B061_ABN_1717_I,0.110573983588803,H8,BZ15,14,CarrieBowOuthouse-B061,ABN,1717,I,150,Belize,CarrieBowCay,free-living,16.80262,-88.08192,Bacteria,Proteobacteria,Gammaproteobacteria,Coxiellales,Coxiellaceae,Coxiella1
73,cluster13,H8_BZ15_013_CBOH-B061_ABN_1717_H,0.0371237094729216,H8,BZ15,13,CarrieBowOuthouse-B061,ABN,1717,H,150,Belize,CarrieBowCay,free-living,16.80262,-88.08192,Bacteria,Proteobacteria,Gammaproteobacteria,Coxiellales,Coxiellaceae,Coxiella1
74,cluster13,H4_BZ15_015_TCMC-B04_ABN_1717_C,0.169953,H4,BZ15,15,TwinCaysMainChannel-B04,ABN,1717,C,150,Belize,TwinCays,free-living,16.81796,-88.08192,Bacteria,Proteobacteria,Gammaproteobacteria,Coxiellales,Coxiellaceae,Coxiella1
75,cluster13,4465_D,0.031445,H6,,,,,4465,D,NA,Panama,BocasdelToro,free-living,9.35001,-82.2617,Bacteria,Proteobacteria,Gammaproteobacteria,Coxiellales,Coxiellaceae,Coxiella1
76,cluster13,H7_BZ15_012_CBOH-B067_ABN_1717_N,0.175333710477823,H7,BZ15,12,CarrieBowOuthouse-B067,ABN,1717,N,150,Belize,CarrieBowCay,free-living,16.80262,-88.08192,Bacteria,Proteobacteria,Gammaproteobacteria,Coxiellales,Coxiellaceae,Coxiella1
77,cluster13,H4_HW15MH_004_KWWS_ABN_1272_A,0.0516890420181379,H4,HW15MH,4,Kewalowatersystem,ABN,1272,A,100,USA,Hawaii,aquarium,21.19133,-157.86106,Bacteria,Proteobacteria,Gammaproteobacteria,Coxiellales,Coxiellaceae,Coxiella1
78,cluster13,H8_BZ15_103_TCFI-B028_ABN_1717_K,0.0755422720066533,H8,BZ15,103,TwinCaysFisheriesBay-B028,ABN,1717,K,150,Belize,TwinCays,free-living,16.81796,-88.08192,Bacteria,Proteobacteria,Gammaproteobacteria,Coxiellales,Coxiellaceae,Coxiella1
79,cluster13,H4_BZ15_102_TCFI-B028_ABN_1717_F,0.311294,H4,BZ15,102,TwinCaysFisheriesBay-B028,ABN,1717,F,150,Belize,TwinCays,free-living,16.81796,-88.08192,Bacteria,Proteobacteria,Gammaproteobacteria,Coxiellales,Coxiellaceae,Coxiella1
80,cluster13,4465_H,0.0414579585420415,H6,,,,,4465,H,NA,Panama,BocasdelToro,free-living,9.35001,-82.2617,Bacteria,Proteobacteria,Gammaproteobacteria,Coxiellales,Coxiellaceae,Coxiella1
81,cluster13,H4_HW15MH_015_KWWS_ABN_1272_C,0.0280791813420054,H4,HW15MH,15,Kewalowatersystem,ABN,1272,C,100,USA,Hawaii,aquarium,21.19133,-157.86106,Bacteria,Proteobacteria,Gammaproteobacteria,Coxiellales,Coxiellaceae,Coxiella1
82,cluster14,4465_D,0.440387,H6,,,,,4465,D,NA,Panama,BocasdelToro,free-living,9.35001,-82.2617,Bacteria,Proteobacteria,Alphaproteobacteria,Rhodospirillales,Terasakiellaceae,Teraskiella1
83,cluster14,H8_BZ15_013_CBOH-B061_ABN_1717_H,0.048777912903977,H8,BZ15,13,CarrieBowOuthouse-B061,ABN,1717,H,150,Belize,CarrieBowCay,free-living,16.80262,-88.08192,Bacteria,Proteobacteria,Alphaproteobacteria,Rhodospirillales,Terasakiellaceae,Teraskiella1
84,cluster14,4465_E,1,H6,,,,,4465,E,NA,Panama,BocasdelToro,free-living,9.35001,-82.2617,Bacteria,Proteobacteria,Alphaproteobacteria,Rhodospirillales,Terasakiellaceae,Teraskiella1
85,cluster14,H7_BZ15_011_CBOH-B067_ABN_1717_M,0.294713898313743,H7,BZ15,11,CarrieBowOuthouse-B067,ABN,1717,M,150,Belize,CarrieBowCay,free-living,16.80262,-88.08192,Bacteria,Proteobacteria,Alphaproteobacteria,Rhodospirillales,Terasakiellaceae,Teraskiella1
86,cluster14,H6_HW15MH_A03_KWWS_ABY_1272_K,0.326570426472831,H6,HW15MH,A03,Kewalowatersystem,ABY,1272,K,100,USA,Hawaii,aquarium,21.19133,-157.86106,Bacteria,Proteobacteria,Alphaproteobacteria,Rhodospirillales,Terasakiellaceae,Teraskiella1
87,cluster14,H6_HW15MH_020_KWWS_ABN_1272_F,0.0392462273592394,H6,HW15MH,20,Kewalowatersystem,ABN,1272,F,100,USA,Hawaii,aquarium,21.19133,-157.86106,Bacteria,Proteobacteria,Alphaproteobacteria,Rhodospirillales,Terasakiellaceae,Teraskiella1
88,cluster14,H7_BZ15_048_TCMC-B096_ABT2_1717_T,0.591788851357458,H7,BZ15,48,TwinCaysMainChannel-B096,ABT2,1717,T,150,Belize,TwinCays,free-living,16.81796,-88.08192,Bacteria,Proteobacteria,Alphaproteobacteria,Rhodospirillales,Terasakiellaceae,Teraskiella1
89,cluster14,H8_BZ15_014_CBOH-B061_ABN_1717_I,0.369277439861508,H8,BZ15,14,CarrieBowOuthouse-B061,ABN,1717,I,150,Belize,CarrieBowCay,free-living,16.80262,-88.08192,Bacteria,Proteobacteria,Alphaproteobacteria,Rhodospirillales,Terasakiellaceae,Teraskiella1
90,cluster14,4465_H,0.516752483247517,H6,,,,,4465,H,NA,Panama,BocasdelToro,free-living,9.35001,-82.2617,Bacteria,Proteobacteria,Alphaproteobacteria,Rhodospirillales,Terasakiellaceae,Teraskiella1
91,cluster14,4465_G,0.591114896952591,H6,,,,,4465,G,NA,Panama,BocasdelToro,free-living,9.35001,-82.2617,Bacteria,Proteobacteria,Alphaproteobacteria,Rhodospirillales,Terasakiellaceae,Teraskiella1
92,cluster14,H7_BZ15_020_TCMC-B096_ABN_1717_O,0.748471748471748,H7,BZ15,20,TwinCaysMainChannel-B096,ABN,1717,O,150,Belize,TwinCays,free-living,16.81796,-88.08192,Bacteria,Proteobacteria,Alphaproteobacteria,Rhodospirillales,Terasakiellaceae,Teraskiella1
93,cluster14,H3_HW15MH_A26_KWWS_ABY_1717_A,0.0719925615309625,H3,HW15MH,A26,Kewalowatersystem,ABY,1717,A,150,USA,Hawaii,aquarium,21.19133,-157.86106,Bacteria,Proteobacteria,Alphaproteobacteria,Rhodospirillales,Terasakiellaceae,Teraskiella1
94,cluster14,H6_HW15MH_007_KWWS_ABN_1272_B,0.0120929114850436,H6,HW15MH,7,Kewalowatersystem,ABN,1272,B,100,USA,Hawaii,aquarium,21.19133,-157.86106,Bacteria,Proteobacteria,Alphaproteobacteria,Rhodospirillales,Terasakiellaceae,Teraskiella1
95,cluster14,H6_HW15MH_A11_KWWS_ABY_1272_H,0.039585271585982,H6,HW15MH,A11,Kewalowatersystem,ABY,1272,H,100,USA,Hawaii,aquarium,21.19133,-157.86106,Bacteria,Proteobacteria,Alphaproteobacteria,Rhodospirillales,Terasakiellaceae,Teraskiella1
96,cluster14,H7_BZ15_041_TCMC-B096_ABC2_1717_R,0.779961,H7,BZ15,41,TwinCaysMainChannel-B096,ABC2,1717,R,150,Belize,TwinCays,free-living,16.81796,-88.08192,Bacteria,Proteobacteria,Alphaproteobacteria,Rhodospirillales,Terasakiellaceae,Teraskiella1
97,cluster14,H8_BZ15_101_TCFI-B028_ABN_1717_J,0.587131687700104,H8,BZ15,101,TwinCaysFisheriesBay-B028,ABN,1717,J,150,Belize,TwinCays,free-living,16.81796,-88.08192,Bacteria,Proteobacteria,Alphaproteobacteria,Rhodospirillales,Terasakiellaceae,Teraskiella1
98,cluster14,H7_BZ15_012_CBOH-B067_ABN_1717_N,0.153620171129312,H7,BZ15,12,CarrieBowOuthouse-B067,ABN,1717,N,150,Belize,CarrieBowCay,free-living,16.80262,-88.08192,Bacteria,Proteobacteria,Alphaproteobacteria,Rhodospirillales,Terasakiellaceae,Teraskiella1
99,cluster14,H6_HW15MH_016_KWWS_ABN_1272_E,0.128776,H6,HW15MH,16,Kewalowatersystem,ABN,1272,E,100,USA,Hawaii,aquarium,21.19133,-157.86106,Bacteria,Proteobacteria,Alphaproteobacteria,Rhodospirillales,Terasakiellaceae,Teraskiella1
100,cluster14,H7_BZ15_049_TCMC-B096_ABT2_1717_L,0.728481130113785,H7,BZ15,49,TwinCaysMainChannel-B096,ABT2,1717,L,150,Belize,TwinCays,free-living,16.81796,-88.08192,Bacteria,Proteobacteria,Alphaproteobacteria,Rhodospirillales,Terasakiellaceae,Teraskiella1
101,cluster14,H8_BZ15_103_TCFI-B028_ABN_1717_K,0.743004912025366,H8,BZ15,103,TwinCaysFisheriesBay-B028,ABN,1717,K,150,Belize,TwinCays,free-living,16.81796,-88.08192,Bacteria,Proteobacteria,Alphaproteobacteria,Rhodospirillales,Terasakiellaceae,Teraskiella1
102,cluster14,H7_BZ15_037_TCMC-B096_ABC2_1717_P,0.792855,H7,BZ15,37,TwinCaysMainChannel-B096,ABC2,1717,P,150,Belize,TwinCays,free-living,16.81796,-88.08192,Bacteria,Proteobacteria,Alphaproteobacteria,Rhodospirillales,Terasakiellaceae,Teraskiella1
103,cluster14,H7_BZ15_040_TCMC-B096_ABC3_1717_Q,0.535126,H7,BZ15,40,TwinCaysMainChannel-B096,ABC3,1717,Q,150,Belize,TwinCays,free-living,16.81796,-88.08192,Bacteria,Proteobacteria,Alphaproteobacteria,Rhodospirillales,Terasakiellaceae,Teraskiella1
104,cluster14,H7_BZ15_045_TCMC-B096_ABT2_1717_S,0.786108,H7,BZ15,45,TwinCaysMainChannel-B096,ABT2,1717,S,150,Belize,TwinCays,free-living,16.81796,-88.08192,Bacteria,Proteobacteria,Alphaproteobacteria,Rhodospirillales,Terasakiellaceae,Teraskiella1
105,cluster17,H2_MPIMM19_C4_MPIAQ_ABN_3917_G,0.586666317348764,H2,MPIMM19,C4,MarineAquariumlivingstones,ABN,3917,G,150,Germany,Bremen,aquarium,53.10965,8.84755,Bacteria,Bacteroidota,Bacteroidia,Cytophagales,Cyclobacteriaceae,Fabibacter1
106,cluster17,H2_MPIMM19_E7_MPIAQ_ABN_3917_O,0.022199,H2,MPIMM19,E7,MarineAquariumlivingstones,ABN,3917,O,150,Germany,Bremen,aquarium,53.10965,8.84755,Bacteria,Bacteroidota,Bacteroidia,Cytophagales,Cyclobacteriaceae,Fabibacter1
107,cluster21,4465_G,0.196958754170176,H6,,,,,4465,G,NA,Panama,BocasdelToro,free-living,9.35001,-82.2617,Bacteria,Verrucomicrobiota,Chlamydiae,Chlamydiales,Simkaniaceae,Chlamydia2
108,cluster21,H6_HW15MH_020_KWWS_ABN_1272_F,0.100125953056871,H6,HW15MH,20,Kewalowatersystem,ABN,1272,F,100,USA,Hawaii,aquarium,21.19133,-157.86106,Bacteria,Verrucomicrobiota,Chlamydiae,Chlamydiales,Simkaniaceae,Chlamydia2
109,cluster21,H6_HW15MH_007_KWWS_ABN_1272_B,0.0229242103998383,H6,HW15MH,7,Kewalowatersystem,ABN,1272,B,100,USA,Hawaii,aquarium,21.19133,-157.86106,Bacteria,Verrucomicrobiota,Chlamydiae,Chlamydiales,Simkaniaceae,Chlamydia2
110,cluster21,H6_HW15MH_A11_KWWS_ABY_1272_H,0.0607533138311988,H6,HW15MH,A11,Kewalowatersystem,ABY,1272,H,100,USA,Hawaii,aquarium,21.19133,-157.86106,Bacteria,Verrucomicrobiota,Chlamydiae,Chlamydiales,Simkaniaceae,Chlamydia2
111,cluster21,H6_HW15MH_A03_KWWS_ABY_1272_K,0.123325369796167,H6,HW15MH,A03,Kewalowatersystem,ABY,1272,K,100,USA,Hawaii,aquarium,21.19133,-157.86106,Bacteria,Verrucomicrobiota,Chlamydiae,Chlamydiales,Simkaniaceae,Chlamydia2
112,cluster21,H6_HW15MH_016_KWWS_ABN_1272_E,0.043107,H6,HW15MH,16,Kewalowatersystem,ABN,1272,E,100,USA,Hawaii,aquarium,21.19133,-157.86106,Bacteria,Verrucomicrobiota,Chlamydiae,Chlamydiales,Simkaniaceae,Chlamydia2
113,cluster23,H2_MPIMM19_E3_MPIAQ_ABN_3917_L,1,H2,MPIMM19,E3,MarineAquariumlivingstones,ABN,3917,L,150,Germany,Bremen,aquarium,53.10965,8.84755,Bacteria,Proteobacteria,Gammaproteobacteria,Burkholderiales,Comamonadaceae,Limnobacter1
114,cluster23,H6_HW15MH_007_KWWS_ABN_1272_B,0.0233032403235408,H6,HW15MH,7,Kewalowatersystem,ABN,1272,B,100,USA,Hawaii,aquarium,21.19133,-157.86106,Bacteria,Proteobacteria,Gammaproteobacteria,Burkholderiales,Comamonadaceae,Limnobacter1
115,cluster23,H8_BZ15_013_CBOH-B061_ABN_1717_H,0.0191528449814992,H8,BZ15,13,CarrieBowOuthouse-B061,ABN,1717,H,150,Belize,CarrieBowCay,free-living,16.80262,-88.08192,Bacteria,Proteobacteria,Gammaproteobacteria,Burkholderiales,Comamonadaceae,Limnobacter1
116,cluster23,H4_HW15MH_A07_KWWS_ABY_1272_L,0.00835321353097528,H4,HW15MH,A07,Kewalowatersystem,ABY,1272,L,100,USA,Hawaii,aquarium,21.19133,-157.86106,Bacteria,Proteobacteria,Gammaproteobacteria,Burkholderiales,Comamonadaceae,Limnobacter1
117,cluster23,H6_HW15MH_A03_KWWS_ABY_1272_K,0.00955319473389925,H6,HW15MH,A03,Kewalowatersystem,ABY,1272,K,100,USA,Hawaii,aquarium,21.19133,-157.86106,Bacteria,Proteobacteria,Gammaproteobacteria,Burkholderiales,Comamonadaceae,Limnobacter1
118,cluster23,H4_BZ15_024_TCMC-B025_ABN_1717_D,0.0281628238129142,H4,BZ15,24,TwinCaysMainChannel-B025,ABN,1717,D,150,Belize,TwinCays,free-living,16.81796,-88.08192,Bacteria,Proteobacteria,Gammaproteobacteria,Burkholderiales,Comamonadaceae,Limnobacter1
119,cluster23,H4_HW15MH_A16_KWWS_ABY_1272_J,0.0190663040182866,H4,HW15MH,A16,Kewalowatersystem,ABY,1272,J,100,USA,Hawaii,aquarium,21.19133,-157.86106,Bacteria,Proteobacteria,Gammaproteobacteria,Burkholderiales,Comamonadaceae,Limnobacter1
120,cluster24,H3_HW15MH_A26_KWWS_ABY_1717_A,0.0129238391581309,H3,HW15MH,A26,Kewalowatersystem,ABY,1717,A,150,USA,Hawaii,aquarium,21.19133,-157.86106,Bacteria,Margulisbacteria,Margulisbacteria,Margulisbacteria,Margulisbacteria,Ruthmannia
121,cluster24,H2_MPIMM19_F4_MPIAQ_ABN_3917_S,1,H2,MPIMM19,F4,MarineAquariumlivingstones,ABN,3917,S,150,Germany,Bremen,aquarium,53.10965,8.84755,Bacteria,Margulisbacteria,Margulisbacteria,Margulisbacteria,Margulisbacteria,Ruthmannia
122,cluster24,H2_HW15_002_KWCT-cl6_ABN_1992_B,0.361333,H2,HW15,2,Kewalocoraltank-cl6,ABN,1992,B,100,USA,Hawaii,aquarium,21.19133,-157.86106,Bacteria,Margulisbacteria,Margulisbacteria,Margulisbacteria,Margulisbacteria,Ruthmannia
123,cluster24,H2_HW15_001_KWCT-cl6_ABN_1992_A,0.184141327968937,H2,HW15,1,Kewalocoraltank-cl6,ABN,1992,A,100,USA,Hawaii,aquarium,21.19133,-157.86106,Bacteria,Margulisbacteria,Margulisbacteria,Margulisbacteria,Margulisbacteria,Ruthmannia
124,cluster24,H2_HW15_003_KWCT-cl6_ABN_1992_C,0.231521264408555,H2,HW15,3,Kewalocoraltank-cl6,ABN,1992,C,100,USA,Hawaii,aquarium,21.19133,-157.86106,Bacteria,Margulisbacteria,Margulisbacteria,Margulisbacteria,Margulisbacteria,Ruthmannia
125,cluster24,H8_BZ15_101_TCFI-B028_ABN_1717_J,0.0803132056720042,H8,BZ15,101,TwinCaysFisheriesBay-B028,ABN,1717,J,150,Belize,TwinCays,free-living,16.81796,-88.08192,Bacteria,Margulisbacteria,Margulisbacteria,Margulisbacteria,Margulisbacteria,Ruthmannia
126,cluster24,H8_BZ15_013_CBOH-B061_ABN_1717_H,0.00597200300152664,H8,BZ15,13,CarrieBowOuthouse-B061,ABN,1717,H,150,Belize,CarrieBowCay,free-living,16.80262,-88.08192,Bacteria,Margulisbacteria,Margulisbacteria,Margulisbacteria,Margulisbacteria,Ruthmannia
127,cluster24,H2_HW15_E6_KWCT-clE_ABN_3917_AF,0.090952,H2,HW15,E6,Kewalocoraltank-clE,ABN,3917,AF,150,USA,Hawaii,aquarium,21.19133,-157.86106,Bacteria,Margulisbacteria,Margulisbacteria,Margulisbacteria,Margulisbacteria,Ruthmannia
128,cluster24,H2_HW15_E5_KWCT-clE_ABN_3917_AE,0.112169,H2,HW15,E5,Kewalocoraltank-clE,ABN,3917,AE,150,USA,Hawaii,aquarium,21.19133,-157.86106,Bacteria,Margulisbacteria,Margulisbacteria,Margulisbacteria,Margulisbacteria,Ruthmannia
129,cluster24,H8_BZ15_103_TCFI-B028_ABN_1717_K,0.0414595732515529,H8,BZ15,103,TwinCaysFisheriesBay-B028,ABN,1717,K,150,Belize,TwinCays,free-living,16.81796,-88.08192,Bacteria,Margulisbacteria,Margulisbacteria,Margulisbacteria,Margulisbacteria,Ruthmannia
130,cluster24,H8_BZ15_014_CBOH-B061_ABN_1717_I,0.0489794293541779,H8,BZ15,14,CarrieBowOuthouse-B061,ABN,1717,I,150,Belize,CarrieBowCay,free-living,16.80262,-88.08192,Bacteria,Margulisbacteria,Margulisbacteria,Margulisbacteria,Margulisbacteria,Ruthmannia
131,cluster31,H2_HW15_001_KWCT-cl6_ABN_1992_A,0.129558244775155,H2,HW15,1,Kewalocoraltank-cl6,ABN,1992,A,100,USA,Hawaii,aquarium,21.19133,-157.86106,Bacteria,Proteobacteria,Gammaproteobacteria,Burkholderiales,Burkholderiaceae,Limnobacter2
132,cluster31,H8_BZ15_103_TCFI-B028_ABN_1717_K,0.01330561114432,H8,BZ15,103,TwinCaysFisheriesBay-B028,ABN,1717,K,150,Belize,TwinCays,free-living,16.81796,-88.08192,Bacteria,Proteobacteria,Gammaproteobacteria,Burkholderiales,Burkholderiaceae,Limnobacter2
133,cluster31,H6_HW15MH_A11_KWWS_ABY_1272_H,0.00625644721774481,H6,HW15MH,A11,Kewalowatersystem,ABY,1272,H,100,USA,Hawaii,aquarium,21.19133,-157.86106,Bacteria,Proteobacteria,Gammaproteobacteria,Burkholderiales,Burkholderiaceae,Limnobacter2
134,cluster31,H8_BZ15_013_CBOH-B061_ABN_1717_H,0.00424974771651098,H8,BZ15,13,CarrieBowOuthouse-B061,ABN,1717,H,150,Belize,CarrieBowCay,free-living,16.80262,-88.08192,Bacteria,Proteobacteria,Gammaproteobacteria,Burkholderiales,Burkholderiaceae,Limnobacter2
135,cluster31,H7_BZ15_012_CBOH-B067_ABN_1717_N,0.039209161283345,H7,BZ15,12,CarrieBowOuthouse-B067,ABN,1717,N,150,Belize,CarrieBowCay,free-living,16.80262,-88.08192,Bacteria,Proteobacteria,Gammaproteobacteria,Burkholderiales,Burkholderiaceae,Limnobacter2
136,cluster31,H4_BZ15_024_TCMC-B025_ABN_1717_D,0.0609096883728572,H4,BZ15,24,TwinCaysMainChannel-B025,ABN,1717,D,150,Belize,TwinCays,free-living,16.81796,-88.08192,Bacteria,Proteobacteria,Gammaproteobacteria,Burkholderiales,Burkholderiaceae,Limnobacter2
137,cluster31,H7_BZ15_011_CBOH-B067_ABN_1717_M,0.0221669738909063,H7,BZ15,11,CarrieBowOuthouse-B067,ABN,1717,M,150,Belize,CarrieBowCay,free-living,16.80262,-88.08192,Bacteria,Proteobacteria,Gammaproteobacteria,Burkholderiales,Burkholderiaceae,Limnobacter2
138,cluster31,H6_HW15MH_007_KWWS_ABN_1272_B,0.00230694869988367,H6,HW15MH,7,Kewalowatersystem,ABN,1272,B,100,USA,Hawaii,aquarium,21.19133,-157.86106,Bacteria,Proteobacteria,Gammaproteobacteria,Burkholderiales,Burkholderiaceae,Limnobacter2
139,cluster32,H7_BZ15_040_TCMC-B096_ABC3_1717_Q,0.04395,H7,BZ15,40,TwinCaysMainChannel-B096,ABC3,1717,Q,150,Belize,TwinCays,free-living,16.81796,-88.08192,Bacteria,Proteobacteria,Gammaproteobacteria,Xanthomonadales,Xanthomonadaceae,Vulcaniibacterium1
140,cluster32,H8_BZ15_013_CBOH-B061_ABN_1717_H,0.023085879887184,H8,BZ15,13,CarrieBowOuthouse-B061,ABN,1717,H,150,Belize,CarrieBowCay,free-living,16.80262,-88.08192,Bacteria,Proteobacteria,Gammaproteobacteria,Xanthomonadales,Xanthomonadaceae,Vulcaniibacterium1
141,cluster32,H7_BZ15_011_CBOH-B067_ABN_1717_M,0.0286612544114705,H7,BZ15,11,CarrieBowOuthouse-B067,ABN,1717,M,150,Belize,CarrieBowCay,free-living,16.80262,-88.08192,Bacteria,Proteobacteria,Gammaproteobacteria,Xanthomonadales,Xanthomonadaceae,Vulcaniibacterium1
142,cluster32,H8_BZ15_101_TCFI-B028_ABN_1717_J,0.0325597193771111,H8,BZ15,101,TwinCaysFisheriesBay-B028,ABN,1717,J,150,Belize,TwinCays,free-living,16.81796,-88.08192,Bacteria,Proteobacteria,Gammaproteobacteria,Xanthomonadales,Xanthomonadaceae,Vulcaniibacterium1
143,cluster32,H4_BZ15_015_TCMC-B04_ABN_1717_C,0.05939,H4,BZ15,15,TwinCaysMainChannel-B04,ABN,1717,C,150,Belize,TwinCays,free-living,16.81796,-88.08192,Bacteria,Proteobacteria,Gammaproteobacteria,Xanthomonadales,Xanthomonadaceae,Vulcaniibacterium1
144,cluster32,H7_BZ15_012_CBOH-B067_ABN_1717_N,0.053721251398693,H7,BZ15,12,CarrieBowOuthouse-B067,ABN,1717,N,150,Belize,CarrieBowCay,free-living,16.80262,-88.08192,Bacteria,Proteobacteria,Gammaproteobacteria,Xanthomonadales,Xanthomonadaceae,Vulcaniibacterium1
145,cluster32,H8_BZ15_014_CBOH-B061_ABN_1717_I,0.0421252693434807,H8,BZ15,14,CarrieBowOuthouse-B061,ABN,1717,I,150,Belize,CarrieBowCay,free-living,16.80262,-88.08192,Bacteria,Proteobacteria,Gammaproteobacteria,Xanthomonadales,Xanthomonadaceae,Vulcaniibacterium1
146,cluster32,H4_BZ15_024_TCMC-B025_ABN_1717_D,0.117577632948135,H4,BZ15,24,TwinCaysMainChannel-B025,ABN,1717,D,150,Belize,TwinCays,free-living,16.81796,-88.08192,Bacteria,Proteobacteria,Gammaproteobacteria,Xanthomonadales,Xanthomonadaceae,Vulcaniibacterium1
147,cluster32,H7_BZ15_020_TCMC-B096_ABN_1717_O,0.0166410166410166,H7,BZ15,20,TwinCaysMainChannel-B096,ABN,1717,O,150,Belize,TwinCays,free-living,16.81796,-88.08192,Bacteria,Proteobacteria,Gammaproteobacteria,Xanthomonadales,Xanthomonadaceae,Vulcaniibacterium1
148,cluster32,H8_BZ15_103_TCFI-B028_ABN_1717_K,0.0239821191880864,H8,BZ15,103,TwinCaysFisheriesBay-B028,ABN,1717,K,150,Belize,TwinCays,free-living,16.81796,-88.08192,Bacteria,Proteobacteria,Gammaproteobacteria,Xanthomonadales,Xanthomonadaceae,Vulcaniibacterium1
149,cluster32,H7_BZ15_037_TCMC-B096_ABC2_1717_P,0.016178,H7,BZ15,37,TwinCaysMainChannel-B096,ABC2,1717,P,150,Belize,TwinCays,free-living,16.81796,-88.08192,Bacteria,Proteobacteria,Gammaproteobacteria,Xanthomonadales,Xanthomonadaceae,Vulcaniibacterium1
150,cluster41,H6_HW15MH_A03_KWWS_ABY_1272_K,0.00587404056320846,H6,HW15MH,A03,Kewalowatersystem,ABY,1272,K,100,USA,Hawaii,aquarium,21.19133,-157.86106,Bacteria,Bacteroidota,Bacteroidia,Cytophagales,Spirosomaceae,Pseudarciella1
151,cluster41,H6_HW15MH_007_KWWS_ABN_1272_B,0.0113665284900518,H6,HW15MH,7,Kewalowatersystem,ABN,1272,B,100,USA,Hawaii,aquarium,21.19133,-157.86106,Bacteria,Bacteroidota,Bacteroidia,Cytophagales,Spirosomaceae,Pseudarciella1
152,cluster41,H4_HW15MH_A16_KWWS_ABY_1272_J,0.0077517181812035,H4,HW15MH,A16,Kewalowatersystem,ABY,1272,J,100,USA,Hawaii,aquarium,21.19133,-157.86106,Bacteria,Bacteroidota,Bacteroidia,Cytophagales,Spirosomaceae,Pseudarciella1
153,cluster46,H2_HW15_00A_KWCT-cl6_ABN_1966_A,0.327542153577947,H2,HW15,00A,Kewalocoraltank-cl6,ABN,1966,A,100,USA,Hawaii,aquarium,21.19133,-157.86106,Bacteria,Proteobacteria,Gammaproteobacteria,UBA10353_marine_group,Gammaproteobacteria_bacterium_LS_SOB,UBA10353
154,cluster46,H6_HW15MH_007_KWWS_ABN_1272_B,0.00752270629550134,H6,HW15MH,7,Kewalowatersystem,ABN,1272,B,100,USA,Hawaii,aquarium,21.19133,-157.86106,Bacteria,Proteobacteria,Gammaproteobacteria,UBA10353_marine_group,Gammaproteobacteria_bacterium_LS_SOB,UBA10353
155,cluster46,H2_HW15_00B_KWCT-cl6_ABN_1966_B,0.0413594858479581,H2,HW15,00B,Kewalocoraltank-cl6,ABN,1966,B,100,USA,Hawaii,aquarium,21.19133,-157.86106,Bacteria,Proteobacteria,Gammaproteobacteria,UBA10353_marine_group,Gammaproteobacteria_bacterium_LS_SOB,UBA10353
156,cluster47,H2_HW15_00B_KWCT-cl6_ABN_1966_B,0.268815802736907,H2,HW15,00B,Kewalocoraltank-cl6,ABN,1966,B,100,USA,Hawaii,aquarium,21.19133,-157.86106,Bacteria,Proteobacteria,Gammaproteobacteria,Salinisphaerales,Salinisphaeraceae,Salinisphaera
157,cluster47,H2_HW15_E5_KWCT-clE_ABN_3917_AE,0.107584,H2,HW15,E5,Kewalocoraltank-clE,ABN,3917,AE,150,USA,Hawaii,aquarium,21.19133,-157.86106,Bacteria,Proteobacteria,Gammaproteobacteria,Salinisphaerales,Salinisphaeraceae,Salinisphaera
158,cluster47,H2_HW15_E6_KWCT-clE_ABN_3917_AF,0.116945,H2,HW15,E6,Kewalocoraltank-clE,ABN,3917,AF,150,USA,Hawaii,aquarium,21.19133,-157.86106,Bacteria,Proteobacteria,Gammaproteobacteria,Salinisphaerales,Salinisphaeraceae,Salinisphaera
159,cluster50,H11_MA16_078_PAAN_ABN_2181_F,0.0468029789999862,H11,MA16,78,LasPalmasAquariumAnthiastank,ABN,2181,F,250,Spain,Mallorca,aquarium,39.53151,2.72949,Bacteria,Proteobacteria,Alphaproteobacteria,Rickettsiales,Rickettsiaceae,RETA4
160,cluster50,H11_MA16_077_PAAN_ABN_2181_E,0.14335515781578,H11,MA16,77,LasPalmasAquariumAnthiastank,ABN,2181,E,250,Spain,Mallorca,aquarium,39.53151,2.72949,Bacteria,Proteobacteria,Alphaproteobacteria,Rickettsiales,Rickettsiaceae,RETA4
161,cluster50,H11_MA16_076_PAAN_ABN_2181_D,0.080819243072577,H11,MA16,76,LasPalmasAquariumAnthiastank,ABN,2181,D,250,Spain,Mallorca,aquarium,39.53151,2.72949,Bacteria,Proteobacteria,Alphaproteobacteria,Rickettsiales,Rickettsiaceae,RETA4
162,cluster57,H8_BZ15_014_CBOH-B061_ABN_1717_I,0.0150444474158847,H8,BZ15,14,CarrieBowOuthouse-B061,ABN,1717,I,150,Belize,CarrieBowCay,free-living,16.80262,-88.08192,Bacteria,Proteobacteria,Alphaproteobacteria,Rhodospirillales,Terasakiellaceae,Teraskiella2
163,cluster57,H7_BZ15_011_CBOH-B067_ABN_1717_M,0.0281354965325523,H7,BZ15,11,CarrieBowOuthouse-B067,ABN,1717,M,150,Belize,CarrieBowCay,free-living,16.80262,-88.08192,Bacteria,Proteobacteria,Alphaproteobacteria,Rhodospirillales,Terasakiellaceae,Teraskiella2
164,cluster58,4465_D,0.494995,H6,,,,,4465,D,NA,Panama,BocasdelToro,free-living,9.35001,-82.2617,Bacteria,Dependentiae,Babeliae,Babeliales,uncultured_bacterium,Babeliales1
165,cluster58,4465_H,0.278526721473279,H6,,,,,4465,H,NA,Panama,BocasdelToro,free-living,9.35001,-82.2617,Bacteria,Dependentiae,Babeliae,Babeliales,uncultured_bacterium,Babeliales1
166,cluster62,H4_BZ15_055_TCFI-B087_ABN_1717_E,0.074583,H4,BZ15,55,TwinCaysFisheriesBay-B087,ABN,1717,E,150,Belize,TwinCays,free-living,16.81796,-88.08192,Bacteria,Proteobacteria,Alphaproteobacteria,Rickettsiales,Rickettsiaceae,Ricketsia1
167,cluster62,H7_BZ15_037_TCMC-B096_ABC2_1717_P,0.018164,H7,BZ15,37,TwinCaysMainChannel-B096,ABC2,1717,P,150,Belize,TwinCays,free-living,16.81796,-88.08192,Bacteria,Proteobacteria,Alphaproteobacteria,Rickettsiales,Rickettsiaceae,Ricketsia1
168,cluster66,H11_MA16_076_PAAN_ABN_2181_D,0.0318457895392796,H11,MA16,76,LasPalmasAquariumAnthiastank,ABN,2181,D,250,Spain,Mallorca,aquarium,39.53151,2.72949,Bacteria,Proteobacteria,Gammaproteobacteria,Burkholderiales,Sutterellaceae,Sutterella1
169,cluster66,H6_HW15MH_007_KWWS_ABN_1272_B,0.00474169711467567,H6,HW15MH,7,Kewalowatersystem,ABN,1272,B,100,USA,Hawaii,aquarium,21.19133,-157.86106,Bacteria,Proteobacteria,Gammaproteobacteria,Burkholderiales,Sutterellaceae,Sutterella1
170,cluster66,H8_BZ15_103_TCFI-B028_ABN_1717_K,0.0155854146633053,H8,BZ15,103,TwinCaysFisheriesBay-B028,ABN,1717,K,150,Belize,TwinCays,free-living,16.81796,-88.08192,Bacteria,Proteobacteria,Gammaproteobacteria,Burkholderiales,Sutterellaceae,Sutterella1
171,cluster66,H8_BZ15_013_CBOH-B061_ABN_1717_H,0.0042042073123399,H8,BZ15,13,CarrieBowOuthouse-B061,ABN,1717,H,150,Belize,CarrieBowCay,free-living,16.80262,-88.08192,Bacteria,Proteobacteria,Gammaproteobacteria,Burkholderiales,Sutterellaceae,Sutterella1
172,cluster66,H11_MA16_078_PAAN_ABN_2181_F,0.012487673488666,H11,MA16,78,LasPalmasAquariumAnthiastank,ABN,2181,F,250,Spain,Mallorca,aquarium,39.53151,2.72949,Bacteria,Proteobacteria,Gammaproteobacteria,Burkholderiales,Sutterellaceae,Sutterella1
173,cluster66,H7_BZ15_012_CBOH-B067_ABN_1717_N,0.0265741276107203,H7,BZ15,12,CarrieBowOuthouse-B067,ABN,1717,N,150,Belize,CarrieBowCay,free-living,16.80262,-88.08192,Bacteria,Proteobacteria,Gammaproteobacteria,Burkholderiales,Sutterellaceae,Sutterella1
174,cluster66,H11_MA16_077_PAAN_ABN_2181_E,0.039459826760386,H11,MA16,77,LasPalmasAquariumAnthiastank,ABN,2181,E,250,Spain,Mallorca,aquarium,39.53151,2.72949,Bacteria,Proteobacteria,Gammaproteobacteria,Burkholderiales,Sutterellaceae,Sutterella1
175,cluster66,H4_BZ15_024_TCMC-B025_ABN_1717_D,0.0211429979736021,H4,BZ15,24,TwinCaysMainChannel-B025,ABN,1717,D,150,Belize,TwinCays,free-living,16.81796,-88.08192,Bacteria,Proteobacteria,Gammaproteobacteria,Burkholderiales,Sutterellaceae,Sutterella1
176,cluster66,H7_BZ15_011_CBOH-B067_ABN_1717_M,0.00903047692838198,H7,BZ15,11,CarrieBowOuthouse-B067,ABN,1717,M,150,Belize,CarrieBowCay,free-living,16.80262,-88.08192,Bacteria,Proteobacteria,Gammaproteobacteria,Burkholderiales,Sutterellaceae,Sutterella1
177,cluster9,H7_BZ15_048_TCMC-B096_ABT2_1717_T,0.183502987986595,H7,BZ15,48,TwinCaysMainChannel-B096,ABT2,1717,T,150,Belize,TwinCays,free-living,16.81796,-88.08192,Bacteria,Proteobacteria,Alphaproteobacteria,Rickettsiales,Fokiniaceae,RETA3
178,cluster9,H7_BZ15_045_TCMC-B096_ABT2_1717_S,0.100284,H7,BZ15,45,TwinCaysMainChannel-B096,ABT2,1717,S,150,Belize,TwinCays,free-living,16.81796,-88.08192,Bacteria,Proteobacteria,Alphaproteobacteria,Rickettsiales,Fokiniaceae,RETA3
179,cluster9,H8_BZ15_013_CBOH-B061_ABN_1717_H,0.0215333661086242,H8,BZ15,13,CarrieBowOuthouse-B061,ABN,1717,H,150,Belize,CarrieBowCay,free-living,16.80262,-88.08192,Bacteria,Proteobacteria,Alphaproteobacteria,Rickettsiales,Fokiniaceae,RETA3
180,cluster9,H7_BZ15_012_CBOH-B067_ABN_1717_N,0.0914256477664588,H7,BZ15,12,CarrieBowOuthouse-B067,ABN,1717,N,150,Belize,CarrieBowCay,free-living,16.80262,-88.08192,Bacteria,Proteobacteria,Alphaproteobacteria,Rickettsiales,Fokiniaceae,RETA3
181,cluster9,H7_BZ15_020_TCMC-B096_ABN_1717_O,0.0628320628320628,H7,BZ15,20,TwinCaysMainChannel-B096,ABN,1717,O,150,Belize,TwinCays,free-living,16.81796,-88.08192,Bacteria,Proteobacteria,Alphaproteobacteria,Rickettsiales,Fokiniaceae,RETA3
182,cluster9,H7_BZ15_049_TCMC-B096_ABT2_1717_L,0.119823050797434,H7,BZ15,49,TwinCaysMainChannel-B096,ABT2,1717,L,150,Belize,TwinCays,free-living,16.81796,-88.08192,Bacteria,Proteobacteria,Alphaproteobacteria,Rickettsiales,Fokiniaceae,RETA3
183,cluster9,H6_HW15MH_020_KWWS_ABN_1272_F,0.014522377107799,H6,HW15MH,20,Kewalowatersystem,ABN,1272,F,100,USA,Hawaii,aquarium,21.19133,-157.86106,Bacteria,Proteobacteria,Alphaproteobacteria,Rickettsiales,Fokiniaceae,RETA3
184,cluster9,H6_HW15MH_A03_KWWS_ABY_1272_K,0.023320286687338,H6,HW15MH,A03,Kewalowatersystem,ABY,1272,K,100,USA,Hawaii,aquarium,21.19133,-157.86106,Bacteria,Proteobacteria,Alphaproteobacteria,Rickettsiales,Fokiniaceae,RETA3
185,cluster9,H8_BZ15_103_TCFI-B028_ABN_1717_K,0.0694326480754737,H8,BZ15,103,TwinCaysFisheriesBay-B028,ABN,1717,K,150,Belize,TwinCays,free-living,16.81796,-88.08192,Bacteria,Proteobacteria,Alphaproteobacteria,Rickettsiales,Fokiniaceae,RETA3
186,cluster9,4465_D,0.033173,H6,,,,,4465,D,NA,Panama,BocasdelToro,free-living,9.35001,-82.2617,Bacteria,Proteobacteria,Alphaproteobacteria,Rickettsiales,Fokiniaceae,RETA3
187,cluster9,H6_HW15MH_007_KWWS_ABN_1272_B,0.00739709119110427,H6,HW15MH,7,Kewalowatersystem,ABN,1272,B,100,USA,Hawaii,aquarium,21.19133,-157.86106,Bacteria,Proteobacteria,Alphaproteobacteria,Rickettsiales,Fokiniaceae,RETA3
188,cluster9,H7_BZ15_037_TCMC-B096_ABC2_1717_P,0.074416,H7,BZ15,37,TwinCaysMainChannel-B096,ABC2,1717,P,150,Belize,TwinCays,free-living,16.81796,-88.08192,Bacteria,Proteobacteria,Alphaproteobacteria,Rickettsiales,Fokiniaceae,RETA3
189,cluster9,H7_BZ15_040_TCMC-B096_ABC3_1717_Q,0.176747,H7,BZ15,40,TwinCaysMainChannel-B096,ABC3,1717,Q,150,Belize,TwinCays,free-living,16.81796,-88.08192,Bacteria,Proteobacteria,Alphaproteobacteria,Rickettsiales,Fokiniaceae,RETA3
190,cluster9,H8_BZ15_101_TCFI-B028_ABN_1717_J,0.160821404833742,H8,BZ15,101,TwinCaysFisheriesBay-B028,ABN,1717,J,150,Belize,TwinCays,free-living,16.81796,-88.08192,Bacteria,Proteobacteria,Alphaproteobacteria,Rickettsiales,Fokiniaceae,RETA3
191,cluster9,H7_BZ15_011_CBOH-B067_ABN_1717_M,0.0123574387289856,H7,BZ15,11,CarrieBowOuthouse-B067,ABN,1717,M,150,Belize,CarrieBowCay,free-living,16.80262,-88.08192,Bacteria,Proteobacteria,Alphaproteobacteria,Rickettsiales,Fokiniaceae,RETA3
192,cluster9,H8_BZ15_014_CBOH-B061_ABN_1717_I,0.052301885174702,H8,BZ15,14,CarrieBowOuthouse-B061,ABN,1717,I,150,Belize,CarrieBowCay,free-living,16.80262,-88.08192,Bacteria,Proteobacteria,Alphaproteobacteria,Rickettsiales,Fokiniaceae,RETA3
193,cluster9,H6_HW15MH_A11_KWWS_ABY_1272_H,0.0186443985746163,H6,HW15MH,A11,Kewalowatersystem,ABY,1272,H,100,USA,Hawaii,aquarium,21.19133,-157.86106,Bacteria,Proteobacteria,Alphaproteobacteria,Rickettsiales,Fokiniaceae,RETA3
194,cluster9,H7_BZ15_041_TCMC-B096_ABC2_1717_R,0.109804,H7,BZ15,41,TwinCaysMainChannel-B096,ABC2,1717,R,150,Belize,TwinCays,free-living,16.81796,-88.08192,Bacteria,Proteobacteria,Alphaproteobacteria,Rickettsiales,Fokiniaceae,RETA3
195,cluster9,4465_H,0.0312399687600312,H6,,,,,4465,H,NA,Panama,BocasdelToro,free-living,9.35001,-82.2617,Bacteria,Proteobacteria,Alphaproteobacteria,Rickettsiales,Fokiniaceae,RETA3
196,Enterobacterales,H2_MPIMM19_B7_MPIAQ_ABN_3917_E,0.622926377073623,H2,MPIMM19,B7,MarineAquariumlivingstones,ABN,3917,E,150,Germany,Bremen,aquarium,53.10965,8.84755,Bacteria,Proteobacteria,Gammaproteobacteria,Enterobacterales,Enterobacterales,Enterobacterales
197,Enterobacterales,H2_HW15_00B_KWCT-cl6_ABN_1966_B,0.250847245539578,H2,HW15,00B,Kewalocoraltank-cl6,ABN,1966,B,100,USA,Hawaii,aquarium,21.19133,-157.86106,Bacteria,Proteobacteria,Gammaproteobacteria,Enterobacterales,Enterobacterales,Enterobacterales
198,Enterobacterales,H4_HW15MH_MG4_KWRR_ABN_1992_D,0.620523673828789,H4,HW15MH,MG4,KewaloRR,ABN,1992,D,100,USA,Hawaii,aquarium,21.19133,-157.86106,Bacteria,Proteobacteria,Gammaproteobacteria,Enterobacterales,Enterobacterales,Enterobacterales
199,Enterobacterales,H4_BZ15_024_TCMC-B025_ABN_1717_D,0.320040801796374,H4,BZ15,24,TwinCaysMainChannel-B025,ABN,1717,D,150,Belize,TwinCays,free-living,16.81796,-88.08192,Bacteria,Proteobacteria,Gammaproteobacteria,Enterobacterales,Enterobacterales,Enterobacterales
200,Enterobacterales,H7_BZ15_011_CBOH-B067_ABN_1717_M,0.288456953839735,H7,BZ15,11,CarrieBowOuthouse-B067,ABN,1717,M,150,Belize,CarrieBowCay,free-living,16.80262,-88.08192,Bacteria,Proteobacteria,Gammaproteobacteria,Enterobacterales,Enterobacterales,Enterobacterales
201,Enterobacterales,H6_HW15MH_016_KWWS_ABN_1272_E,0.567664,H6,HW15MH,16,Kewalowatersystem,ABN,1272,E,100,USA,Hawaii,aquarium,21.19133,-157.86106,Bacteria,Proteobacteria,Gammaproteobacteria,Enterobacterales,Enterobacterales,Enterobacterales
202,Enterobacterales,H2_MPIMM19_B4_MPIAQ_ABN_3917_C,0.752828,H2,MPIMM19,B4,MarineAquariumlivingstones,ABN,3917,C,150,Germany,Bremen,aquarium,53.10965,8.84755,Bacteria,Proteobacteria,Gammaproteobacteria,Enterobacterales,Enterobacterales,Enterobacterales
203,Enterobacterales,H11_MA16_078_PAAN_ABN_2181_F,0.167586301535987,H11,MA16,78,LasPalmasAquariumAnthiastank,ABN,2181,F,250,Spain,Mallorca,aquarium,39.53151,2.72949,Bacteria,Proteobacteria,Gammaproteobacteria,Enterobacterales,Enterobacterales,Enterobacterales
204,Enterobacterales,H4_HW15MH_015_KWWS_ABN_1272_C,0.770060583047103,H4,HW15MH,15,Kewalowatersystem,ABN,1272,C,100,USA,Hawaii,aquarium,21.19133,-157.86106,Bacteria,Proteobacteria,Gammaproteobacteria,Enterobacterales,Enterobacterales,Enterobacterales
205,Enterobacterales,H7_BZ15_012_CBOH-B067_ABN_1717_N,0.183293261731343,H7,BZ15,12,CarrieBowOuthouse-B067,ABN,1717,N,150,Belize,CarrieBowCay,free-living,16.80262,-88.08192,Bacteria,Proteobacteria,Gammaproteobacteria,Enterobacterales,Enterobacterales,Enterobacterales
206,Enterobacterales,H11_MA16_077_PAAN_ABN_2181_E,0.115520293170473,H11,MA16,77,LasPalmasAquariumAnthiastank,ABN,2181,E,250,Spain,Mallorca,aquarium,39.53151,2.72949,Bacteria,Proteobacteria,Gammaproteobacteria,Enterobacterales,Enterobacterales,Enterobacterales
207,Enterobacterales,H2_HW15_00A_KWCT-cl6_ABN_1966_A,0.251978970880663,H2,HW15,00A,Kewalocoraltank-cl6,ABN,1966,A,100,USA,Hawaii,aquarium,21.19133,-157.86106,Bacteria,Proteobacteria,Gammaproteobacteria,Enterobacterales,Enterobacterales,Enterobacterales
208,Enterobacterales,H6_HW15MH_020_KWWS_ABN_1272_F,0.591765133254608,H6,HW15MH,20,Kewalowatersystem,ABN,1272,F,100,USA,Hawaii,aquarium,21.19133,-157.86106,Bacteria,Proteobacteria,Gammaproteobacteria,Enterobacterales,Enterobacterales,Enterobacterales
209,Enterobacterales,H2_MPIMM19_E7_MPIAQ_ABN_3917_O,0.047017,H2,MPIMM19,E7,MarineAquariumlivingstones,ABN,3917,O,150,Germany,Bremen,aquarium,53.10965,8.84755,Bacteria,Proteobacteria,Gammaproteobacteria,Enterobacterales,Enterobacterales,Enterobacterales
210,Enterobacterales,H4_HW15MH_004_KWWS_ABN_1272_A,0.692767283143902,H4,HW15MH,4,Kewalowatersystem,ABN,1272,A,100,USA,Hawaii,aquarium,21.19133,-157.86106,Bacteria,Proteobacteria,Gammaproteobacteria,Enterobacterales,Enterobacterales,Enterobacterales
211,Enterobacterales,H8_BZ15_013_CBOH-B061_ABN_1717_H,0.450261081067094,H8,BZ15,13,CarrieBowOuthouse-B061,ABN,1717,H,150,Belize,CarrieBowCay,free-living,16.80262,-88.08192,Bacteria,Proteobacteria,Gammaproteobacteria,Enterobacterales,Enterobacterales,Enterobacterales
212,Enterobacterales,H6_HW15MH_A11_KWWS_ABY_1272_H,0.0268575989657604,H6,HW15MH,A11,Kewalowatersystem,ABY,1272,H,100,USA,Hawaii,aquarium,21.19133,-157.86106,Bacteria,Proteobacteria,Gammaproteobacteria,Enterobacterales,Enterobacterales,Enterobacterales
213,Enterobacterales,H7_BZ15_020_TCMC-B096_ABN_1717_O,0.0424550424550425,H7,BZ15,20,TwinCaysMainChannel-B096,ABN,1717,O,150,Belize,TwinCays,free-living,16.81796,-88.08192,Bacteria,Proteobacteria,Gammaproteobacteria,Enterobacterales,Enterobacterales,Enterobacterales
214,Enterobacterales,H4_BZ15_015_TCMC-B04_ABN_1717_C,0.121419,H4,BZ15,15,TwinCaysMainChannel-B04,ABN,1717,C,150,Belize,TwinCays,free-living,16.81796,-88.08192,Bacteria,Proteobacteria,Gammaproteobacteria,Enterobacterales,Enterobacterales,Enterobacterales
215,Enterobacterales,H8_BZ15_014_CBOH-B061_ABN_1717_I,0.205960618436108,H8,BZ15,14,CarrieBowOuthouse-B061,ABN,1717,I,150,Belize,CarrieBowCay,free-living,16.80262,-88.08192,Bacteria,Proteobacteria,Gammaproteobacteria,Enterobacterales,Enterobacterales,Enterobacterales
216,Enterobacterales,H2_MPIMM19_B1_MPIAQ_ABN_3917_A,0.441671,H2,MPIMM19,B1,MarineAquariumlivingstones,ABN,3917,A,150,Germany,Bremen,aquarium,53.10965,8.84755,Bacteria,Proteobacteria,Gammaproteobacteria,Enterobacterales,Enterobacterales,Enterobacterales
217,Enterobacterales,H2_HW15_E6_KWCT-clE_ABN_3917_AF,0.042122,H2,HW15,E6,Kewalocoraltank-clE,ABN,3917,AF,150,USA,Hawaii,aquarium,21.19133,-157.86106,Bacteria,Proteobacteria,Gammaproteobacteria,Enterobacterales,Enterobacterales,Enterobacterales
218,Enterobacterales,H4_HW15MH_014_KWWS_ABN_1272_D,0.728323451368575,H4,HW15MH,14,Kewalowatersystem,ABN,1272,D,100,USA,Hawaii,aquarium,21.19133,-157.86106,Bacteria,Proteobacteria,Gammaproteobacteria,Enterobacterales,Enterobacterales,Enterobacterales
219,Enterobacterales,H6_HW15MH_007_KWWS_ABN_1272_B,0.617320684438473,H6,HW15MH,7,Kewalowatersystem,ABN,1272,B,100,USA,Hawaii,aquarium,21.19133,-157.86106,Bacteria,Proteobacteria,Gammaproteobacteria,Enterobacterales,Enterobacterales,Enterobacterales
220,Flavobacteriales,H2_HW15_00B_KWCT-cl6_ABN_1966_B,0.0773470004900989,H2,HW15,00B,Kewalocoraltank-cl6,ABN,1966,B,100,USA,Hawaii,aquarium,21.19133,-157.86106,Bacteria,Bacteroidota,Bacteroidia,Flavobacteriales,Flavobacteriales,Flavobacteriales
221,Flavobacteriales,H8_BZ15_014_CBOH-B061_ABN_1717_I,0.0202123717843374,H8,BZ15,14,CarrieBowOuthouse-B061,ABN,1717,I,150,Belize,CarrieBowCay,free-living,16.80262,-88.08192,Bacteria,Bacteroidota,Bacteroidia,Flavobacteriales,Flavobacteriales,Flavobacteriales
222,Flavobacteriales,H7_BZ15_011_CBOH-B067_ABN_1717_M,0.0323639095951877,H7,BZ15,11,CarrieBowOuthouse-B067,ABN,1717,M,150,Belize,CarrieBowCay,free-living,16.80262,-88.08192,Bacteria,Bacteroidota,Bacteroidia,Flavobacteriales,Flavobacteriales,Flavobacteriales
223,Flavobacteriales,H4_HW15MH_A07_KWWS_ABY_1272_L,0.701504506458332,H4,HW15MH,A07,Kewalowatersystem,ABY,1272,L,100,USA,Hawaii,aquarium,21.19133,-157.86106,Bacteria,Bacteroidota,Bacteroidia,Flavobacteriales,Flavobacteriales,Flavobacteriales
224,Flavobacteriales,H6_HW15MH_A03_KWWS_ABY_1272_K,0.482987851369898,H6,HW15MH,A03,Kewalowatersystem,ABY,1272,K,100,USA,Hawaii,aquarium,21.19133,-157.86106,Bacteria,Bacteroidota,Bacteroidia,Flavobacteriales,Flavobacteriales,Flavobacteriales
225,Flavobacteriales,H4_BZ15_015_TCMC-B04_ABN_1717_C,0.048095,H4,BZ15,15,TwinCaysMainChannel-B04,ABN,1717,C,150,Belize,TwinCays,free-living,16.81796,-88.08192,Bacteria,Bacteroidota,Bacteroidia,Flavobacteriales,Flavobacteriales,Flavobacteriales
226,Flavobacteriales,H6_HW15MH_A11_KWWS_ABY_1272_H,0.80133947240978,H6,HW15MH,A11,Kewalowatersystem,ABY,1272,H,100,USA,Hawaii,aquarium,21.19133,-157.86106,Bacteria,Bacteroidota,Bacteroidia,Flavobacteriales,Flavobacteriales,Flavobacteriales
227,Flavobacteriales,H2_HW15_003_KWCT-cl6_ABN_1992_C,0.260482430766909,H2,HW15,3,Kewalocoraltank-cl6,ABN,1992,C,100,USA,Hawaii,aquarium,21.19133,-157.86106,Bacteria,Bacteroidota,Bacteroidia,Flavobacteriales,Flavobacteriales,Flavobacteriales
228,Flavobacteriales,H11_MA16_078_PAAN_ABN_2181_F,0.020703220158141,H11,MA16,78,LasPalmasAquariumAnthiastank,ABN,2181,F,250,Spain,Mallorca,aquarium,39.53151,2.72949,Bacteria,Bacteroidota,Bacteroidia,Flavobacteriales,Flavobacteriales,Flavobacteriales
229,Flavobacteriales,H6_HW15MH_007_KWWS_ABN_1272_B,0.0392039279296992,H6,HW15MH,7,Kewalowatersystem,ABN,1272,B,100,USA,Hawaii,aquarium,21.19133,-157.86106,Bacteria,Bacteroidota,Bacteroidia,Flavobacteriales,Flavobacteriales,Flavobacteriales
230,Flavobacteriales,H4_HW15MH_A12_KWWS_ABY_1272_I,0.875671124328876,H4,HW15MH,A12,Kewalowatersystem,ABY,1272,I,100,USA,Hawaii,aquarium,21.19133,-157.86106,Bacteria,Bacteroidota,Bacteroidia,Flavobacteriales,Flavobacteriales,Flavobacteriales
231,Flavobacteriales,H8_BZ15_013_CBOH-B061_ABN_1717_H,0.039844748622144,H8,BZ15,13,CarrieBowOuthouse-B061,ABN,1717,H,150,Belize,CarrieBowCay,free-living,16.80262,-88.08192,Bacteria,Bacteroidota,Bacteroidia,Flavobacteriales,Flavobacteriales,Flavobacteriales
232,Flavobacteriales,H3_HW15MH_A26_KWWS_ABY_1717_A,0.889162471120845,H3,HW15MH,A26,Kewalowatersystem,ABY,1717,A,150,USA,Hawaii,aquarium,21.19133,-157.86106,Bacteria,Bacteroidota,Bacteroidia,Flavobacteriales,Flavobacteriales,Flavobacteriales
233,Flavobacteriales,H4_HW15MH_A01_KWWS_ABY_1272_G,0.564645435354565,H4,HW15MH,A01,Kewalowatersystem,ABY,1272,G,100,USA,Hawaii,aquarium,21.19133,-157.86106,Bacteria,Bacteroidota,Bacteroidia,Flavobacteriales,Flavobacteriales,Flavobacteriales
234,Flavobacteriales,H4_HW15MH_A16_KWWS_ABY_1272_J,0.514199123623983,H4,HW15MH,A16,Kewalowatersystem,ABY,1272,J,100,USA,Hawaii,aquarium,21.19133,-157.86106,Bacteria,Bacteroidota,Bacteroidia,Flavobacteriales,Flavobacteriales,Flavobacteriales
235,Pseudomonadales,H7_BZ15_048_TCMC-B096_ABT2_1717_T,0.224708160655947,H7,BZ15,48,TwinCaysMainChannel-B096,ABT2,1717,T,150,Belize,TwinCays,free-living,16.81796,-88.08192,Bacteria,Proteobacteria,Gammaproteobacteria,Pseudomonadales,Pseudomonadales,Pseudomonadales
236,Pseudomonadales,4465_G,0.211926348877233,H6,,,,,4465,G,NA,Panama,BocasdelToro,free-living,9.35001,-82.2617,Bacteria,Proteobacteria,Gammaproteobacteria,Pseudomonadales,Pseudomonadales,Pseudomonadales
237,Pseudomonadales,H2_HW15_E5_KWCT-clE_ABN_3917_AE,0.649622,H2,HW15,E5,Kewalocoraltank-clE,ABN,3917,AE,150,USA,Hawaii,aquarium,21.19133,-157.86106,Bacteria,Proteobacteria,Gammaproteobacteria,Pseudomonadales,Pseudomonadales,Pseudomonadales
238,Pseudomonadales,H2_AT20_HDM-B3_STXAQX_ABN_4745_F,0.464446596395405,H2,AT20,HDM-B3,STXAQX,ABN,4745,F,150,Austria,Vienna,aquarium,48.19766,16.35292,Bacteria,Proteobacteria,Gammaproteobacteria,Pseudomonadales,Pseudomonadales,Pseudomonadales
239,Pseudomonadales,H11_MA16_077_PAAN_ABN_2181_E,0.0748716756414142,H11,MA16,77,LasPalmasAquariumAnthiastank,ABN,2181,E,250,Spain,Mallorca,aquarium,39.53151,2.72949,Bacteria,Proteobacteria,Gammaproteobacteria,Pseudomonadales,Pseudomonadales,Pseudomonadales
240,Pseudomonadales,H4_HW15MH_MG4_KWRR_ABN_1992_D,0.379476326171211,H4,HW15MH,MG4,KewaloRR,ABN,1992,D,100,USA,Hawaii,aquarium,21.19133,-157.86106,Bacteria,Proteobacteria,Gammaproteobacteria,Pseudomonadales,Pseudomonadales,Pseudomonadales
241,Pseudomonadales,H4_HW15MH_004_KWWS_ABN_1272_A,0.18355444668858,H4,HW15MH,4,Kewalowatersystem,ABN,1272,A,100,USA,Hawaii,aquarium,21.19133,-157.86106,Bacteria,Proteobacteria,Gammaproteobacteria,Pseudomonadales,Pseudomonadales,Pseudomonadales
242,Pseudomonadales,H2_MPIMM19_B5_MPIAQ_ABN_3917_D,1,H2,MPIMM19,B5,MarineAquariumlivingstones,ABN,3917,D,150,Germany,Bremen,aquarium,53.10965,8.84755,Bacteria,Proteobacteria,Gammaproteobacteria,Pseudomonadales,Pseudomonadales,Pseudomonadales
243,Pseudomonadales,H2_MA16_073_PAPO_ABN_2181_A,0.464559173255985,H2,MA16,73,LasPalmasAquariumPosidoniatank,ABN,2181,A,250,Spain,Mallorca,aquarium,39.53151,2.72949,Bacteria,Proteobacteria,Gammaproteobacteria,Pseudomonadales,Pseudomonadales,Pseudomonadales
244,Pseudomonadales,4465_H,0.0538649461350539,H6,,,,,4465,H,NA,Panama,BocasdelToro,free-living,9.35001,-82.2617,Bacteria,Proteobacteria,Gammaproteobacteria,Pseudomonadales,Pseudomonadales,Pseudomonadales
245,Pseudomonadales,H2_MPIMM19_E7_MPIAQ_ABN_3917_O,0.892103,H2,MPIMM19,E7,MarineAquariumlivingstones,ABN,3917,O,150,Germany,Bremen,aquarium,53.10965,8.84755,Bacteria,Proteobacteria,Gammaproteobacteria,Pseudomonadales,Pseudomonadales,Pseudomonadales
246,Pseudomonadales,H4_BZ15_024_TCMC-B025_ABN_1717_D,0.174516676707377,H4,BZ15,24,TwinCaysMainChannel-B025,ABN,1717,D,150,Belize,TwinCays,free-living,16.81796,-88.08192,Bacteria,Proteobacteria,Gammaproteobacteria,Pseudomonadales,Pseudomonadales,Pseudomonadales
247,Pseudomonadales,H3_HW15MH_A26_KWWS_ABY_1717_A,0.0110491980609233,H3,HW15MH,A26,Kewalowatersystem,ABY,1717,A,150,USA,Hawaii,aquarium,21.19133,-157.86106,Bacteria,Proteobacteria,Gammaproteobacteria,Pseudomonadales,Pseudomonadales,Pseudomonadales
248,Pseudomonadales,H2_HW15_E6_KWCT-clE_ABN_3917_AF,0.574171,H2,HW15,E6,Kewalocoraltank-clE,ABN,3917,AF,150,USA,Hawaii,aquarium,21.19133,-157.86106,Bacteria,Proteobacteria,Gammaproteobacteria,Pseudomonadales,Pseudomonadales,Pseudomonadales
249,Pseudomonadales,H2_MPIMM19_E5_MPIAQ_ABN_3917_M,0.892771588382276,H2,MPIMM19,E5,MarineAquariumlivingstones,ABN,3917,M,150,Germany,Bremen,aquarium,53.10965,8.84755,Bacteria,Proteobacteria,Gammaproteobacteria,Pseudomonadales,Pseudomonadales,Pseudomonadales
250,Pseudomonadales,H7_BZ15_020_TCMC-B096_ABN_1717_O,0.113917113917114,H7,BZ15,20,TwinCaysMainChannel-B096,ABN,1717,O,150,Belize,TwinCays,free-living,16.81796,-88.08192,Bacteria,Proteobacteria,Gammaproteobacteria,Pseudomonadales,Pseudomonadales,Pseudomonadales
251,Pseudomonadales,H4_BZ17NL_351_TCFI-83_ABN_4127_I,0.263263,H4,BZ17NL,351,TwinCaysFisheriesBay-83,ABN,4127,I,150,Belize,TwinCays,free-living,16.81796,-88.08192,Bacteria,Proteobacteria,Gammaproteobacteria,Pseudomonadales,Pseudomonadales,Pseudomonadales
252,Pseudomonadales,H7_BZ15_045_TCMC-B096_ABT2_1717_S,0.113608,H7,BZ15,45,TwinCaysMainChannel-B096,ABT2,1717,S,150,Belize,TwinCays,free-living,16.81796,-88.08192,Bacteria,Proteobacteria,Gammaproteobacteria,Pseudomonadales,Pseudomonadales,Pseudomonadales
253,Pseudomonadales,H11_MA16_078_PAAN_ABN_2181_F,0.491637120271646,H11,MA16,78,LasPalmasAquariumAnthiastank,ABN,2181,F,250,Spain,Mallorca,aquarium,39.53151,2.72949,Bacteria,Proteobacteria,Gammaproteobacteria,Pseudomonadales,Pseudomonadales,Pseudomonadales
254,Pseudomonadales,H6_HW15MH_A03_KWWS_ABY_1272_K,0.0283688303766584,H6,HW15MH,A03,Kewalowatersystem,ABY,1272,K,100,USA,Hawaii,aquarium,21.19133,-157.86106,Bacteria,Proteobacteria,Gammaproteobacteria,Pseudomonadales,Pseudomonadales,Pseudomonadales
255,Pseudomonadales,H6_HW15MH_016_KWWS_ABN_1272_E,0.260453,H6,HW15MH,16,Kewalowatersystem,ABN,1272,E,100,USA,Hawaii,aquarium,21.19133,-157.86106,Bacteria,Proteobacteria,Gammaproteobacteria,Pseudomonadales,Pseudomonadales,Pseudomonadales
256,Pseudomonadales,H2_HW15_002_KWCT-cl6_ABN_1992_B,0.360817,H2,HW15,2,Kewalocoraltank-cl6,ABN,1992,B,100,USA,Hawaii,aquarium,21.19133,-157.86106,Bacteria,Proteobacteria,Gammaproteobacteria,Pseudomonadales,Pseudomonadales,Pseudomonadales
257,Pseudomonadales,H6_HW15MH_A11_KWWS_ABY_1272_H,0.0465634974149174,H6,HW15MH,A11,Kewalowatersystem,ABY,1272,H,100,USA,Hawaii,aquarium,21.19133,-157.86106,Bacteria,Proteobacteria,Gammaproteobacteria,Pseudomonadales,Pseudomonadales,Pseudomonadales
258,Pseudomonadales,H4_HW15MH_014_KWWS_ABN_1272_D,0.241175454854764,H4,HW15MH,14,Kewalowatersystem,ABN,1272,D,100,USA,Hawaii,aquarium,21.19133,-157.86106,Bacteria,Proteobacteria,Gammaproteobacteria,Pseudomonadales,Pseudomonadales,Pseudomonadales
259,Pseudomonadales,H4_BZ15_015_TCMC-B04_ABN_1717_C,0.133794,H4,BZ15,15,TwinCaysMainChannel-B04,ABN,1717,C,150,Belize,TwinCays,free-living,16.81796,-88.08192,Bacteria,Proteobacteria,Gammaproteobacteria,Pseudomonadales,Pseudomonadales,Pseudomonadales
260,Pseudomonadales,H2_HW15_00B_KWCT-cl6_ABN_1966_B,0.338300364619721,H2,HW15,00B,Kewalocoraltank-cl6,ABN,1966,B,100,USA,Hawaii,aquarium,21.19133,-157.86106,Bacteria,Proteobacteria,Gammaproteobacteria,Pseudomonadales,Pseudomonadales,Pseudomonadales
261,Pseudomonadales,H11_MA16_076_PAAN_ABN_2181_D,0.0829944746790744,H11,MA16,76,LasPalmasAquariumAnthiastank,ABN,2181,D,250,Spain,Mallorca,aquarium,39.53151,2.72949,Bacteria,Proteobacteria,Gammaproteobacteria,Pseudomonadales,Pseudomonadales,Pseudomonadales
262,Pseudomonadales,H7_BZ15_037_TCMC-B096_ABC2_1717_P,0.098387,H7,BZ15,37,TwinCaysMainChannel-B096,ABC2,1717,P,150,Belize,TwinCays,free-living,16.81796,-88.08192,Bacteria,Proteobacteria,Gammaproteobacteria,Pseudomonadales,Pseudomonadales,Pseudomonadales
263,Pseudomonadales,H7_BZ15_011_CBOH-B067_ABN_1717_M,0.180336016756138,H7,BZ15,11,CarrieBowOuthouse-B067,ABN,1717,M,150,Belize,CarrieBowCay,free-living,16.80262,-88.08192,Bacteria,Proteobacteria,Gammaproteobacteria,Pseudomonadales,Pseudomonadales,Pseudomonadales
264,Pseudomonadales,H7_BZ15_049_TCMC-B096_ABT2_1717_L,0.151695819088781,H7,BZ15,49,TwinCaysMainChannel-B096,ABT2,1717,L,150,Belize,TwinCays,free-living,16.81796,-88.08192,Bacteria,Proteobacteria,Gammaproteobacteria,Pseudomonadales,Pseudomonadales,Pseudomonadales
265,Pseudomonadales,H2_HW15_001_KWCT-cl6_ABN_1992_A,0.686300427255908,H2,HW15,1,Kewalocoraltank-cl6,ABN,1992,A,100,USA,Hawaii,aquarium,21.19133,-157.86106,Bacteria,Proteobacteria,Gammaproteobacteria,Pseudomonadales,Pseudomonadales,Pseudomonadales
266,Pseudomonadales,H2_HW15_003_KWCT-cl6_ABN_1992_C,0.373873554571293,H2,HW15,3,Kewalocoraltank-cl6,ABN,1992,C,100,USA,Hawaii,aquarium,21.19133,-157.86106,Bacteria,Proteobacteria,Gammaproteobacteria,Pseudomonadales,Pseudomonadales,Pseudomonadales
267,Pseudomonadales,H7_BZ15_040_TCMC-B096_ABC3_1717_Q,0.198263,H7,BZ15,40,TwinCaysMainChannel-B096,ABC3,1717,Q,150,Belize,TwinCays,free-living,16.81796,-88.08192,Bacteria,Proteobacteria,Gammaproteobacteria,Pseudomonadales,Pseudomonadales,Pseudomonadales
268,Pseudomonadales,H7_BZ15_041_TCMC-B096_ABC2_1717_R,0.110235,H7,BZ15,41,TwinCaysMainChannel-B096,ABC2,1717,R,150,Belize,TwinCays,free-living,16.81796,-88.08192,Bacteria,Proteobacteria,Gammaproteobacteria,Pseudomonadales,Pseudomonadales,Pseudomonadales
269,Pseudomonadales,H2_MA16_075_PAPO_ABN_2181_C,0.685623042436897,H2,MA16,75,LasPalmasAquariumPosidoniatank,ABN,2181,C,250,Spain,Mallorca,aquarium,39.53151,2.72949,Bacteria,Proteobacteria,Gammaproteobacteria,Pseudomonadales,Pseudomonadales,Pseudomonadales
270,Pseudomonadales,H2_MPIMM19_B1_MPIAQ_ABN_3917_A,0.222034,H2,MPIMM19,B1,MarineAquariumlivingstones,ABN,3917,A,150,Germany,Bremen,aquarium,53.10965,8.84755,Bacteria,Proteobacteria,Gammaproteobacteria,Pseudomonadales,Pseudomonadales,Pseudomonadales
271,Pseudomonadales,H6_HW15MH_007_KWWS_ABN_1272_B,0.243217057438872,H6,HW15MH,7,Kewalowatersystem,ABN,1272,B,100,USA,Hawaii,aquarium,21.19133,-157.86106,Bacteria,Proteobacteria,Gammaproteobacteria,Pseudomonadales,Pseudomonadales,Pseudomonadales
272,Pseudomonadales,H2_AT20_HDM-B4_STXAQX_ABN_4745_G,0.484312545397945,H2,AT20,HDM-B4,STXAQX,ABN,4745,G,150,Austria,Vienna,aquarium,48.19766,16.35292,Bacteria,Proteobacteria,Gammaproteobacteria,Pseudomonadales,Pseudomonadales,Pseudomonadales
273,Pseudomonadales,H6_HW15MH_020_KWWS_ABN_1272_F,0.254340309221482,H6,HW15MH,20,Kewalowatersystem,ABN,1272,F,100,USA,Hawaii,aquarium,21.19133,-157.86106,Bacteria,Proteobacteria,Gammaproteobacteria,Pseudomonadales,Pseudomonadales,Pseudomonadales
274,Pseudomonadales,H8_BZ15_013_CBOH-B061_ABN_1717_H,0.29394571376821,H8,BZ15,13,CarrieBowOuthouse-B061,ABN,1717,H,150,Belize,CarrieBowCay,free-living,16.80262,-88.08192,Bacteria,Proteobacteria,Gammaproteobacteria,Pseudomonadales,Pseudomonadales,Pseudomonadales
275,Pseudomonadales,H8_BZ15_014_CBOH-B061_ABN_1717_I,0.0935513735369201,H8,BZ15,14,CarrieBowOuthouse-B061,ABN,1717,I,150,Belize,CarrieBowCay,free-living,16.80262,-88.08192,Bacteria,Proteobacteria,Gammaproteobacteria,Pseudomonadales,Pseudomonadales,Pseudomonadales
276,Pseudomonadales,H4_HW15MH_015_KWWS_ABN_1272_C,0.147392350108485,H4,HW15MH,15,Kewalowatersystem,ABN,1272,C,100,USA,Hawaii,aquarium,21.19133,-157.86106,Bacteria,Proteobacteria,Gammaproteobacteria,Pseudomonadales,Pseudomonadales,Pseudomonadales
277,Pseudomonadales,H2_MA16_074_PAPO_ABN_2181_B,0.188443,H2,MA16,74,LasPalmasAquariumPosidoniatank,ABN,2181,B,250,Spain,Mallorca,aquarium,39.53151,2.72949,Bacteria,Proteobacteria,Gammaproteobacteria,Pseudomonadales,Pseudomonadales,Pseudomonadales
278,Pseudomonadales,H2_MPIMM19_C4_MPIAQ_ABN_3917_G,0.263005815051453,H2,MPIMM19,C4,MarineAquariumlivingstones,ABN,3917,G,150,Germany,Bremen,aquarium,53.10965,8.84755,Bacteria,Proteobacteria,Gammaproteobacteria,Pseudomonadales,Pseudomonadales,Pseudomonadales
279,Rhodobacteraceae,H4_BZ15_015_TCMC-B04_ABN_1717_C,0.287516,H4,BZ15,15,TwinCaysMainChannel-B04,ABN,1717,C,150,Belize,TwinCays,free-living,16.81796,-88.08192,Bacteria,Proteobacteria,Alphaproteobacteria,Rhodobacterales,Rhodobacteraceae,Rhodobacteraceae
280,Rhodobacteraceae,H4_HW15MH_MG6_KWRR_ABN_1992_F,1,H4,HW15MH,MG6,KewaloRR,ABN,1992,F,100,USA,Hawaii,aquarium,21.19133,-157.86106,Bacteria,Proteobacteria,Alphaproteobacteria,Rhodobacterales,Rhodobacteraceae,Rhodobacteraceae
281,Rhodobacteraceae,H2_MPIMM19_E5_MPIAQ_ABN_3917_M,0.107228411617725,H2,MPIMM19,E5,MarineAquariumlivingstones,ABN,3917,M,150,Germany,Bremen,aquarium,53.10965,8.84755,Bacteria,Proteobacteria,Alphaproteobacteria,Rhodobacterales,Rhodobacteraceae,Rhodobacteraceae
282,Rhodobacteraceae,H2_MPIMM19_C1_MPIAQ_ABN_3917_F,0.667193,H2,MPIMM19,C1,MarineAquariumlivingstones,ABN,3917,F,150,Germany,Bremen,aquarium,53.10965,8.84755,Bacteria,Proteobacteria,Alphaproteobacteria,Rhodobacterales,Rhodobacteraceae,Rhodobacteraceae
283,Rhodobacteraceae,H2_MPIMM19_C4_MPIAQ_ABN_3917_G,0.150327867599782,H2,MPIMM19,C4,MarineAquariumlivingstones,ABN,3917,G,150,Germany,Bremen,aquarium,53.10965,8.84755,Bacteria,Proteobacteria,Alphaproteobacteria,Rhodobacterales,Rhodobacteraceae,Rhodobacteraceae
284,Rhodobacteraceae,H2_MPIMM19_E7_MPIAQ_ABN_3917_O,0.038681,H2,MPIMM19,E7,MarineAquariumlivingstones,ABN,3917,O,150,Germany,Bremen,aquarium,53.10965,8.84755,Bacteria,Proteobacteria,Alphaproteobacteria,Rhodobacterales,Rhodobacteraceae,Rhodobacteraceae
285,Rhodobacteraceae,H7_BZ15_011_CBOH-B067_ABN_1717_M,0.0817830216390874,H7,BZ15,11,CarrieBowOuthouse-B067,ABN,1717,M,150,Belize,CarrieBowCay,free-living,16.80262,-88.08192,Bacteria,Proteobacteria,Alphaproteobacteria,Rhodobacterales,Rhodobacteraceae,Rhodobacteraceae
286,Rhodobacteraceae,H2_MPIMM19_B4_MPIAQ_ABN_3917_C,0.247172,H2,MPIMM19,B4,MarineAquariumlivingstones,ABN,3917,C,150,Germany,Bremen,aquarium,53.10965,8.84755,Bacteria,Proteobacteria,Alphaproteobacteria,Rhodobacterales,Rhodobacteraceae,Rhodobacteraceae
287,Rhodobacteraceae,H2_HW15_E6_KWCT-clE_ABN_3917_AF,0.17581,H2,HW15,E6,Kewalocoraltank-clE,ABN,3917,AF,150,USA,Hawaii,aquarium,21.19133,-157.86106,Bacteria,Proteobacteria,Alphaproteobacteria,Rhodobacterales,Rhodobacteraceae,Rhodobacteraceae
288,Rhodobacteraceae,H2_MPIMM19_B1_MPIAQ_ABN_3917_A,0.336295,H2,MPIMM19,B1,MarineAquariumlivingstones,ABN,3917,A,150,Germany,Bremen,aquarium,53.10965,8.84755,Bacteria,Proteobacteria,Alphaproteobacteria,Rhodobacterales,Rhodobacteraceae,Rhodobacteraceae
289,Rhodobacteraceae,H6_HW15MH_007_KWWS_ABN_1272_B,0.00557075680369636,H6,HW15MH,7,Kewalowatersystem,ABN,1272,B,100,USA,Hawaii,aquarium,21.19133,-157.86106,Bacteria,Proteobacteria,Alphaproteobacteria,Rhodobacterales,Rhodobacteraceae,Rhodobacteraceae
290,Rhodobacteraceae,H2_MPIMM19_B7_MPIAQ_ABN_3917_E,0.174969825030175,H2,MPIMM19,B7,MarineAquariumlivingstones,ABN,3917,E,150,Germany,Bremen,aquarium,53.10965,8.84755,Bacteria,Proteobacteria,Alphaproteobacteria,Rhodobacterales,Rhodobacteraceae,Rhodobacteraceae
291,Rhodobacteraceae,H8_BZ15_014_CBOH-B061_ABN_1717_I,0.0419731815040773,H8,BZ15,14,CarrieBowOuthouse-B061,ABN,1717,I,150,Belize,CarrieBowCay,free-living,16.80262,-88.08192,Bacteria,Proteobacteria,Alphaproteobacteria,Rhodobacterales,Rhodobacteraceae,Rhodobacteraceae
292,Rhodobacteraceae,H8_BZ15_013_CBOH-B061_ABN_1717_H,0.0416332444950449,H8,BZ15,13,CarrieBowOuthouse-B061,ABN,1717,H,150,Belize,CarrieBowCay,free-living,16.80262,-88.08192,Bacteria,Proteobacteria,Alphaproteobacteria,Rhodobacterales,Rhodobacteraceae,Rhodobacteraceae
